Time slot,load
0,105.0
1,120.0
2,114.0
3,122.0
4,105.0
5,106.0
6,126.0
7,123.0
8,116.0
9,120.0
10,126.0
11,117.0
12,128.0
13,129.0
14,118.0
15,134.0
16,135.0
17,126.0
18,136.0
19,135.0
20,137.0
21,131.0
22,125.0
23,137.0
24,140.0
25,135.0
26,139.0
27,137.0
28,144.0
29,127.0
30,142.0
31,130.0
32,131.0
33,144.0
34,131.0
35,141.0
36,146.0
37,135.0
38,147.0
39,135.0
40,134.0
41,149.0
42,133.0
43,145.0
44,143.0
45,139.0
46,137.0
47,148.0
48,143.0
49,146.0
50,131.0
51,129.0
52,130.0
53,141.0
54,144.0
55,128.0
56,133.0
57,143.0
58,134.0
59,125.0
60,127.0
61,133.0
62,130.0
63,140.0
64,130.0
65,121.0
66,128.0
67,136.0
68,119.0
69,123.0
70,131.0
71,117.0
72,123.0
73,123.0
74,116.0
75,122.0
76,127.0
77,128.0
78,111.0
79,109.0
80,121.0
81,116.0
82,121.0
83,109.0
84,111.0
85,117.0
86,105.0
87,101.0
88,112.0
89,101.0
90,109.0
91,110.0
92,98.0
93,108.0
94,93.0
95,97.0
96,90.0
97,100.0
98,99.0
99,102.0
100,89.0
101,99.0
102,84.0
103,88.0
104,82.0
105,95.0
106,91.0
107,87.0
108,89.0
109,93.0
110,90.0
111,85.0
112,89.0
113,86.0
114,78.0
115,77.0
116,89.0
117,74.0
118,86.0
119,79.0
120,79.0
121,89.0
122,73.0
123,79.0
124,85.0
125,90.0
126,76.0
127,82.0
128,80.0
129,86.0
130,91.0
131,89.0
132,91.0
133,75.0
134,82.0
135,75.0
136,92.0
137,84.0
138,92.0
139,92.0
140,85.0
141,92.0
142,94.0
143,90.0
144,79.0
145,89.0
146,80.0
147,86.0
148,94.0
149,92.0
150,89.0
151,89.0
152,100.0
153,93.0
154,97.0
155,96.0
156,103.0
157,90.0
158,91.0
159,92.0
160,103.0
161,108.0
162,106.0
163,106.0
164,113.0
165,112.0
166,103.0
167,105.0
168,104.0
169,118.0
170,122.0
171,110.0
172,110.0
173,116.0
174,122.0
175,124.0
176,125.0
177,126.0
178,113.0
179,120.0
180,127.0
181,134.0
182,117.0
183,137.0
184,138.0
185,133.0
186,125.0
187,133.0
188,140.0
189,133.0
190,132.0
191,131.0
192,127.0
193,132.0
194,137.0
195,143.0
196,132.0
197,132.0
198,140.0
199,139.0
200,148.0
201,137.0
202,147.0
203,142.0
204,140.0
205,134.0
206,140.0
207,146.0
208,147.0
209,139.0
210,143.0
211,145.0
212,142.0
213,136.0
214,140.0
215,148.0
216,136.0
217,141.0
218,138.0
219,134.0
220,133.0
221,130.0
222,141.0
223,136.0
224,140.0
225,132.0
226,143.0
227,144.0
228,142.0
229,130.0
230,128.0
231,132.0
232,140.0
233,142.0
234,140.0
235,129.0
236,135.0
237,131.0
238,128.0
239,128.0
240,131.0
241,135.0
242,130.0
243,122.0
244,112.0
245,123.0
246,129.0
247,128.0
248,111.0
249,126.0
250,118.0
251,112.0
252,110.0
253,113.0
254,115.0
255,115.0
256,103.0
257,106.0
258,104.0
259,115.0
260,101.0
261,104.0
262,98.0
263,102.0
264,107.0
265,103.0
266,95.0
267,101.0
268,105.0
269,89.0
270,94.0
271,103.0
272,90.0
273,89.0
274,97.0
275,86.0
276,95.0
277,83.0
278,80.0
279,97.0
280,78.0
281,91.0
282,96.0
283,83.0
284,83.0
285,80.0
286,84.0
287,87.0
288,79.0
289,89.0
290,86.0
291,81.0
292,88.0
293,86.0
294,74.0
295,92.0
296,90.0
297,92.0
298,88.0
299,91.0
300,87.0
301,79.0
302,77.0
303,90.0
304,94.0
305,79.0
306,87.0
307,94.0
308,89.0
309,94.0
310,96.0
311,88.0
312,99.0
313,87.0
314,85.0
315,84.0
316,85.0
317,95.0
318,90.0
319,88.0
320,95.0
321,90.0
322,104.0
323,108.0
324,100.0
325,95.0
326,98.0
327,106.0
328,100.0
329,114.0
330,106.0
331,110.0
332,113.0
333,115.0
334,117.0
335,121.0
336,108.0
337,105.0
338,119.0
339,125.0
340,127.0
341,120.0
342,117.0
343,128.0
344,122.0
345,132.0
346,116.0
347,134.0
348,117.0
349,128.0
350,135.0
351,121.0
352,124.0
353,139.0
354,126.0
355,139.0
356,141.0
357,144.0
358,135.0
359,138.0
360,132.0
361,128.0
362,131.0
363,143.0
364,148.0
365,132.0
366,141.0
367,136.0
368,147.0
369,144.0
370,136.0
371,147.0
372,140.0
373,145.0
374,134.0
375,136.0
376,136.0
377,143.0
378,152.0
379,146.0
380,149.0
381,139.0
382,138.0
383,150.0
384,153.0
385,140.0
386,136.0
387,136.0
388,133.0
389,136.0
390,139.0
391,135.0
392,148.0
393,143.0
394,146.0
395,136.0
396,140.0
397,129.0
398,144.0
399,132.0
400,139.0
401,138.0
402,144.0
403,131.0
404,132.0
405,130.0
406,125.0
407,122.0
408,135.0
409,136.0
410,137.0
411,128.0
412,126.0
413,122.0
414,132.0
415,117.0
416,129.0
417,123.0
418,109.0
419,116.0
420,120.0
421,123.0
422,112.0
423,118.0
424,118.0
425,104.0
426,114.0
427,110.0
428,103.0
429,115.0
430,104.0
431,96.0
432,102.0
433,100.0
434,100.0
435,98.0
436,95.0
437,94.0
438,94.0
439,102.0
440,94.0
441,89.0
442,90.0
443,98.0
444,94.0
445,90.0
446,90.0
447,92.0
448,88.0
449,91.0
450,88.0
451,84.0
452,79.0
453,82.0
454,93.0
455,90.0
456,94.0
457,79.0
458,76.0
459,80.0
460,86.0
461,93.0
462,84.0
463,77.0
464,80.0
465,94.0
466,90.0
467,83.0
468,90.0
469,90.0
470,86.0
471,86.0
472,88.0
473,95.0
474,89.0
475,88.0
476,87.0
477,84.0
478,81.0
479,101.0
480,101.0
481,97.0
482,102.0
483,90.0
484,92.0
485,98.0
486,92.0
487,94.0
488,90.0
489,93.0
490,99.0
491,111.0
492,102.0
493,105.0
494,107.0
495,111.0
496,113.0
497,99.0
498,114.0
499,119.0
500,116.0
501,112.0
502,118.0
503,119.0
504,118.0
505,108.0
506,125.0
507,114.0
508,126.0
509,117.0
510,127.0
511,119.0
512,133.0
513,116.0
514,124.0
515,118.0
516,125.0
517,124.0
518,139.0
519,133.0
520,138.0
521,141.0
522,144.0
523,126.0
524,135.0
525,140.0
526,130.0
527,141.0
528,149.0
529,132.0
530,141.0
531,143.0
532,138.0
533,150.0
534,148.0
535,134.0
536,139.0
537,146.0
538,148.0
539,152.0
540,152.0
541,149.0
542,155.0
543,140.0
544,152.0
545,147.0
546,142.0
547,154.0
548,142.0
549,157.0
550,149.0
551,156.0
552,149.0
553,143.0
554,138.0
555,151.0
556,152.0
557,149.0
558,146.0
559,153.0
560,141.0
561,148.0
562,141.0
563,143.0
564,151.0
565,139.0
566,150.0
567,133.0
568,147.0
569,133.0
570,145.0
571,127.0
572,132.0
573,135.0
574,139.0
575,127.0
576,138.0
577,136.0
578,122.0
579,130.0
580,137.0
581,131.0
582,133.0
583,131.0
584,126.0
585,122.0
586,114.0
587,126.0
588,119.0
589,126.0
590,115.0
591,121.0
592,117.0
593,117.0
594,107.0
595,113.0
596,108.0
597,113.0
598,102.0
599,105.0
600,112.0
601,99.0
602,112.0
603,95.0
604,96.0
605,98.0
606,94.0
607,109.0
608,104.0
609,103.0
610,97.0
611,104.0
612,103.0
613,99.0
614,96.0
615,103.0
616,84.0
617,88.0
618,91.0
619,94.0
620,100.0
621,86.0
622,92.0
623,93.0
624,84.0
625,84.0
626,83.0
627,79.0
628,80.0
629,88.0
630,89.0
631,83.0
632,94.0
633,89.0
634,88.0
635,92.0
636,88.0
637,96.0
638,97.0
639,89.0
640,88.0
641,94.0
642,86.0
643,87.0
644,91.0
645,83.0
646,95.0
647,92.0
648,96.0
649,103.0
650,90.0
651,99.0
652,93.0
653,92.0
654,105.0
655,89.0
656,96.0
657,101.0
658,94.0
659,97.0
660,100.0
661,108.0
662,99.0
663,102.0
664,113.0
665,103.0
666,112.0
667,102.0
668,108.0
669,119.0
670,121.0
671,115.0
672,115.0
673,123.0
674,117.0
675,122.0
676,125.0
677,117.0
678,115.0
679,117.0
680,131.0
681,123.0
682,135.0
683,119.0
684,127.0
685,136.0
686,135.0
687,126.0
688,138.0
689,128.0
690,128.0
691,140.0
692,143.0
693,146.0
694,146.0
695,149.0
696,135.0
697,146.0
698,133.0
699,137.0
700,138.0
701,142.0
702,148.0
703,152.0
704,149.0
705,156.0
706,151.0
707,138.0
708,150.0
709,141.0
710,147.0
711,151.0
712,141.0
713,143.0
714,144.0
715,146.0
716,141.0
717,158.0
718,144.0
719,141.0
720,146.0
721,140.0
722,148.0
723,154.0
724,154.0
725,157.0
726,150.0
727,147.0
728,153.0
729,138.0
730,147.0
731,141.0
732,145.0
733,153.0
734,139.0
735,138.0
736,136.0
737,142.0
738,134.0
739,141.0
740,145.0
741,130.0
742,141.0
743,140.0
744,131.0
745,129.0
746,135.0
747,132.0
748,134.0
749,133.0
750,136.0
751,127.0
752,123.0
753,129.0
754,134.0
755,119.0
756,124.0
757,120.0
758,125.0
759,124.0
760,111.0
761,111.0
762,122.0
763,123.0
764,117.0
765,121.0
766,103.0
767,105.0
768,115.0
769,117.0
770,100.0
771,101.0
772,105.0
773,104.0
774,94.0
775,95.0
776,108.0
777,93.0
778,101.0
779,97.0
780,98.0
781,89.0
782,95.0
783,101.0
784,91.0
785,101.0
786,87.0
787,102.0
788,94.0
789,93.0
790,102.0
791,95.0
792,96.0
793,85.0
794,84.0
795,83.0
796,99.0
797,94.0
798,100.0
799,95.0
800,84.0
801,88.0
802,95.0
803,96.0
804,94.0
805,85.0
806,98.0
807,83.0
808,86.0
809,100.0
810,98.0
811,86.0
812,102.0
813,89.0
814,92.0
815,94.0
816,101.0
817,106.0
818,104.0
819,98.0
820,97.0
821,108.0
822,101.0
823,103.0
824,111.0
825,97.0
826,108.0
827,96.0
828,104.0
829,112.0
830,116.0
831,117.0
832,114.0
833,113.0
834,117.0
835,111.0
836,120.0
837,120.0
838,121.0
839,118.0
840,110.0
841,115.0
842,111.0
843,117.0
844,124.0
845,133.0
846,119.0
847,130.0
848,135.0
849,132.0
850,134.0
851,132.0
852,124.0
853,133.0
854,132.0
855,132.0
856,138.0
857,141.0
858,135.0
859,146.0
860,144.0
861,140.0
862,132.0
863,140.0
864,148.0
865,143.0
866,139.0
867,155.0
868,153.0
869,150.0
870,151.0
871,140.0
872,142.0
873,146.0
874,142.0
875,148.0
876,160.0
877,154.0
878,159.0
879,150.0
880,144.0
881,160.0
882,159.0
883,155.0
884,158.0
885,154.0
886,142.0
887,156.0
888,154.0
889,149.0
890,155.0
891,154.0
892,160.0
893,140.0
894,152.0
895,140.0
896,156.0
897,142.0
898,153.0
899,155.0
900,143.0
901,139.0
902,154.0
903,151.0
904,141.0
905,135.0
906,149.0
907,148.0
908,145.0
909,146.0
910,133.0
911,143.0
912,135.0
913,132.0
914,134.0
915,142.0
916,127.0
917,124.0
918,140.0
919,140.0
920,136.0
921,122.0
922,119.0
923,132.0
924,116.0
925,121.0
926,123.0
927,116.0
928,113.0
929,117.0
930,113.0
931,123.0
932,119.0
933,107.0
934,104.0
935,110.0
936,108.0
937,118.0
938,111.0
939,99.0
940,111.0
941,112.0
942,101.0
943,97.0
944,100.0
945,99.0
946,98.0
947,103.0
948,106.0
949,98.0
950,90.0
951,101.0
952,104.0
953,106.0
954,101.0
955,89.0
956,86.0
957,86.0
958,100.0
959,98.0
960,93.0
961,101.0
962,91.0
963,102.0
964,85.0
965,96.0
966,98.0
967,89.0
968,95.0
969,96.0
970,87.0
971,87.0
972,86.0
973,91.0
974,92.0
975,91.0
976,89.0
977,85.0
978,100.0
979,88.0
980,93.0
981,91.0
982,98.0
983,106.0
984,101.0
985,94.0
986,105.0
987,95.0
988,96.0
989,109.0
990,105.0
991,108.0
992,96.0
993,104.0
994,97.0
995,104.0
996,100.0
997,110.0
998,102.0
999,120.0
1000,114.0
1001,111.0
1002,105.0
1003,121.0
1004,119.0
1005,110.0
1006,116.0
1007,114.0
1008,122.0
1009,122.0
1010,118.0
1011,118.0
1012,131.0
1013,119.0
1014,117.0
1015,123.0
1016,125.0
1017,121.0
1018,123.0
1019,129.0
1020,130.0
1021,135.0
1022,136.0
1023,129.0
1024,134.0
1025,146.0
1026,142.0
1027,144.0
1028,141.0
1029,144.0
1030,140.0
1031,151.0
1032,148.0
1033,138.0
1034,144.0
1035,153.0
1036,142.0
1037,149.0
1038,141.0
1039,155.0
1040,147.0
1041,156.0
1042,144.0
1043,155.0
1044,155.0
1045,148.0
1046,143.0
1047,152.0
1048,157.0
1049,143.0
1050,145.0
1051,157.0
1052,152.0
1053,149.0
1054,156.0
1055,158.0
1056,154.0
1057,154.0
1058,157.0
1059,159.0
1060,149.0
1061,160.0
1062,152.0
1063,148.0
1064,155.0
1065,160.0
1066,155.0
1067,159.0
1068,158.0
1069,139.0
1070,150.0
1071,144.0
1072,146.0
1073,147.0
1074,139.0
1075,137.0
1076,136.0
1077,152.0
1078,133.0
1079,131.0
1080,147.0
1081,134.0
1082,137.0
1083,139.0
1084,137.0
1085,140.0
1086,129.0
1087,132.0
1088,137.0
1089,139.0
1090,132.0
1091,121.0
1092,123.0
1093,119.0
1094,119.0
1095,117.0
1096,126.0
1097,112.0
1098,125.0
1099,112.0
1100,116.0
1101,115.0
1102,110.0
1103,110.0
1104,123.0
1105,122.0
1106,109.0
1107,111.0
1108,119.0
1109,113.0
1110,100.0
1111,102.0
1112,113.0
1113,104.0
1114,106.0
1115,104.0
1116,96.0
1117,107.0
1118,104.0
1119,109.0
1120,91.0
1121,97.0
1122,107.0
1123,99.0
1124,99.0
1125,93.0
1126,102.0
1127,97.0
1128,100.0
1129,91.0
1130,104.0
1131,97.0
1132,96.0
1133,94.0
1134,101.0
1135,92.0
1136,100.0
1137,102.0
1138,88.0
1139,91.0
1140,101.0
1141,104.0
1142,95.0
1143,88.0
1144,87.0
1145,101.0
1146,104.0
1147,91.0
1148,91.0
1149,102.0
1150,96.0
1151,94.0
1152,97.0
1153,98.0
1154,103.0
1155,107.0
1156,102.0
1157,94.0
1158,101.0
1159,110.0
1160,97.0
1161,97.0
1162,100.0
1163,113.0
1164,117.0
1165,110.0
1166,110.0
1167,109.0
1168,117.0
1169,117.0
1170,105.0
1171,123.0
1172,111.0
1173,109.0
1174,114.0
1175,120.0
1176,127.0
1177,114.0
1178,116.0
1179,119.0
1180,128.0
1181,133.0
1182,121.0
1183,130.0
1184,139.0
1185,133.0
1186,138.0
1187,139.0
1188,137.0
1189,128.0
1190,140.0
1191,132.0
1192,142.0
1193,135.0
1194,134.0
1195,132.0
1196,141.0
1197,149.0
1198,137.0
1199,144.0
1200,151.0
1201,153.0
1202,142.0
1203,141.0
1204,140.0
1205,143.0
1206,151.0
1207,157.0
1208,145.0
1209,154.0
1210,147.0
1211,151.0
1212,156.0
1213,152.0
1214,150.0
1215,162.0
1216,145.0
1217,161.0
1218,159.0
1219,162.0
1220,149.0
1221,148.0
1222,154.0
1223,148.0
1224,162.0
1225,157.0
1226,163.0
1227,157.0
1228,162.0
1229,163.0
1230,153.0
1231,152.0
1232,150.0
1233,144.0
1234,146.0
1235,160.0
1236,156.0
1237,147.0
1238,156.0
1239,140.0
1240,144.0
1241,148.0
1242,154.0
1243,151.0
1244,151.0
1245,137.0
1246,152.0
1247,144.0
1248,144.0
1249,141.0
1250,145.0
1251,145.0
1252,144.0
1253,139.0
1254,144.0
1255,142.0
1256,132.0
1257,139.0
1258,130.0
1259,128.0
1260,132.0
1261,131.0
1262,131.0
1263,120.0
1264,127.0
1265,120.0
1266,114.0
1267,126.0
1268,126.0
1269,129.0
1270,123.0
1271,124.0
1272,120.0
1273,107.0
1274,113.0
1275,108.0
1276,104.0
1277,105.0
1278,106.0
1279,112.0
1280,106.0
1281,109.0
1282,106.0
1283,101.0
1284,115.0
1285,112.0
1286,105.0
1287,94.0
1288,101.0
1289,106.0
1290,98.0
1291,96.0
1292,93.0
1293,102.0
1294,90.0
1295,96.0
1296,101.0
1297,101.0
1298,104.0
1299,104.0
1300,96.0
1301,102.0
1302,89.0
1303,106.0
1304,95.0
1305,103.0
1306,98.0
1307,95.0
1308,89.0
1309,91.0
1310,103.0
1311,91.0
1312,91.0
1313,88.0
1314,107.0
1315,97.0
1316,105.0
1317,89.0
1318,104.0
1319,105.0
1320,95.0
1321,99.0
1322,92.0
1323,97.0
1324,112.0
1325,102.0
1326,105.0
1327,106.0
1328,105.0
1329,102.0
1330,101.0
1331,115.0
1332,108.0
1333,111.0
1334,110.0
1335,109.0
1336,113.0
1337,121.0
1338,122.0
1339,126.0
1340,109.0
1341,125.0
1342,130.0
1343,114.0
1344,114.0
1345,125.0
1346,128.0
1347,124.0
1348,128.0
1349,127.0
1350,136.0
1351,133.0
1352,125.0
1353,138.0
1354,143.0
1355,139.0
1356,130.0
1357,145.0
1358,139.0
1359,140.0
1360,146.0
1361,135.0
1362,140.0
1363,133.0
1364,138.0
1365,145.0
1366,153.0
1367,156.0
1368,140.0
1369,151.0
1370,148.0
1371,156.0
1372,144.0
1373,148.0
1374,161.0
1375,151.0
1376,156.0
1377,153.0
1378,157.0
1379,162.0
1380,164.0
1381,163.0
1382,160.0
1383,166.0
1384,152.0
1385,152.0
1386,162.0
1387,153.0
1388,149.0
1389,164.0
1390,162.0
1391,158.0
1392,167.0
1393,149.0
1394,163.0
1395,162.0
1396,164.0
1397,147.0
1398,149.0
1399,157.0
1400,160.0
1401,151.0
1402,162.0
1403,158.0
1404,159.0
1405,148.0
1406,153.0
1407,152.0
1408,147.0
1409,144.0
1410,143.0
1411,156.0
1412,155.0
1413,138.0
1414,143.0
1415,153.0
1416,135.0
1417,152.0
1418,145.0
1419,143.0
1420,144.0
1421,130.0
1422,131.0
1423,136.0
1424,129.0
1425,142.0
1426,132.0
1427,128.0
1428,132.0
1429,136.0
1430,139.0
1431,125.0
1432,127.0
1433,122.0
1434,121.0
1435,124.0
1436,118.0
1437,127.0
1438,122.0
1439,125.0
1440,111.0
1441,125.0
1442,110.0
1443,119.0
1444,124.0
1445,121.0
1446,105.0
1447,112.0
1448,119.0
1449,109.0
1450,108.0
1451,100.0
1452,114.0
1453,115.0
1454,97.0
1455,101.0
1456,102.0
1457,102.0
1458,101.0
1459,94.0
1460,94.0
1461,110.0
1462,95.0
1463,108.0
1464,90.0
1465,103.0
1466,99.0
1467,97.0
1468,95.0
1469,95.0
1470,90.0
1471,95.0
1472,90.0
1473,96.0
1474,93.0
1475,105.0
1476,94.0
1477,89.0
1478,99.0
1479,90.0
1480,103.0
1481,101.0
1482,98.0
1483,105.0
1484,92.0
1485,106.0
1486,94.0
1487,103.0
1488,110.0
1489,94.0
1490,104.0
1491,112.0
1492,98.0
1493,104.0
1494,113.0
1495,103.0
1496,100.0
1497,105.0
1498,108.0
1499,101.0
1500,109.0
1501,107.0
1502,106.0
1503,124.0
1504,125.0
1505,107.0
1506,111.0
1507,110.0
1508,124.0
1509,115.0
1510,131.0
1511,114.0
1512,117.0
1513,134.0
1514,130.0
1515,127.0
1516,129.0
1517,126.0
1518,126.0
1519,128.0
1520,136.0
1521,128.0
1522,131.0
1523,127.0
1524,131.0
1525,142.0
1526,134.0
1527,147.0
1528,148.0
1529,134.0
1530,142.0
1531,143.0
1532,147.0
1533,144.0
1534,152.0
1535,153.0
1536,150.0
1537,152.0
1538,153.0
1539,147.0
1540,143.0
1541,156.0
1542,145.0
1543,152.0
1544,154.0
1545,150.0
1546,160.0
1547,150.0
1548,161.0
1549,153.0
1550,158.0
1551,161.0
1552,150.0
1553,150.0
1554,155.0
1555,165.0
1556,158.0
1557,152.0
1558,162.0
1559,152.0
1560,156.0
1561,159.0
1562,162.0
1563,153.0
1564,153.0
1565,153.0
1566,154.0
1567,156.0
1568,149.0
1569,153.0
1570,153.0
1571,165.0
1572,152.0
1573,157.0
1574,159.0
1575,146.0
1576,148.0
1577,153.0
1578,158.0
1579,156.0
1580,146.0
1581,159.0
1582,151.0
1583,143.0
1584,154.0
1585,142.0
1586,148.0
1587,142.0
1588,146.0
1589,143.0
1590,132.0
1591,145.0
1592,139.0
1593,144.0
1594,131.0
1595,138.0
1596,134.0
1597,142.0
1598,142.0
1599,122.0
1600,135.0
1601,135.0
1602,124.0
1603,132.0
1604,124.0
1605,134.0
1606,120.0
1607,131.0
1608,115.0
1609,119.0
1610,110.0
1611,119.0
1612,123.0
1613,122.0
1614,116.0
1615,107.0
1616,107.0
1617,115.0
1618,105.0
1619,111.0
1620,105.0
1621,106.0
1622,111.0
1623,107.0
1624,106.0
1625,105.0
1626,101.0
1627,111.0
1628,94.0
1629,102.0
1630,96.0
1631,98.0
1632,102.0
1633,104.0
1634,95.0
1635,97.0
1636,102.0
1637,100.0
1638,95.0
1639,95.0
1640,94.0
1641,99.0
1642,93.0
1643,97.0
1644,98.0
1645,103.0
1646,96.0
1647,91.0
1648,97.0
1649,92.0
1650,111.0
1651,95.0
1652,96.0
1653,106.0
1654,99.0
1655,100.0
1656,98.0
1657,108.0
1658,110.0
1659,98.0
1660,114.0
1661,105.0
1662,113.0
1663,100.0
1664,99.0
1665,106.0
1666,119.0
1667,110.0
1668,118.0
1669,111.0
1670,114.0
1671,109.0
1672,114.0
1673,123.0
1674,122.0
1675,110.0
1676,115.0
1677,129.0
1678,127.0
1679,131.0
1680,121.0
1681,123.0
1682,129.0
1683,130.0
1684,122.0
1685,135.0
1686,141.0
1687,130.0
1688,133.0
1689,132.0
1690,136.0
1691,136.0
1692,133.0
1693,137.0
1694,140.0
1695,137.0
1696,151.0
1697,143.0
1698,141.0
1699,149.0
1700,150.0
1701,154.0
1702,139.0
1703,149.0
1704,148.0
1705,161.0
1706,158.0
1707,153.0
1708,157.0
1709,145.0
1710,161.0
1711,161.0
1712,146.0
1713,166.0
1714,157.0
1715,168.0
1716,150.0
1717,165.0
1718,163.0
1719,152.0
1720,155.0
1721,158.0
1722,159.0
1723,164.0
1724,160.0
1725,156.0
1726,155.0
1727,169.0
1728,164.0
1729,158.0
1730,169.0
1731,155.0
1732,152.0
1733,160.0
1734,157.0
1735,150.0
1736,162.0
1737,161.0
1738,151.0
1739,156.0
1740,163.0
1741,157.0
1742,153.0
1743,147.0
1744,157.0
1745,163.0
1746,158.0
1747,155.0
1748,158.0
1749,151.0
1750,153.0
1751,143.0
1752,140.0
1753,140.0
1754,144.0
1755,145.0
1756,137.0
1757,140.0
1758,136.0
1759,133.0
1760,138.0
1761,140.0
1762,139.0
1763,142.0
1764,138.0
1765,141.0
1766,125.0
1767,135.0
1768,128.0
1769,128.0
1770,132.0
1771,133.0
1772,128.0
1773,117.0
1774,117.0
1775,127.0
1776,129.0
1777,116.0
1778,118.0
1779,123.0
1780,113.0
1781,128.0
1782,120.0
1783,108.0
1784,120.0
1785,112.0
1786,119.0
1787,121.0
1788,116.0
1789,112.0
1790,108.0
1791,109.0
1792,114.0
1793,111.0
1794,103.0
1795,103.0
1796,102.0
1797,100.0
1798,114.0
1799,99.0
1800,98.0
1801,112.0
1802,110.0
1803,96.0
1804,104.0
1805,96.0
1806,101.0
1807,111.0
1808,100.0
1809,102.0
1810,94.0
1811,109.0
1812,110.0
1813,99.0
1814,105.0
1815,97.0
1816,110.0
1817,110.0
1818,98.0
1819,106.0
1820,111.0
1821,107.0
1822,99.0
1823,104.0
1824,115.0
1825,111.0
1826,113.0
1827,101.0
1828,105.0
1829,113.0
1830,102.0
1831,102.0
1832,102.0
1833,106.0
1834,113.0
1835,113.0
1836,122.0
1837,117.0
1838,111.0
1839,126.0
1840,125.0
1841,117.0
1842,123.0
1843,118.0
1844,123.0
1845,129.0
1846,129.0
1847,124.0
1848,134.0
1849,136.0
1850,135.0
1851,137.0
1852,129.0
1853,125.0
1854,143.0
1855,140.0
1856,144.0
1857,139.0
1858,136.0
1859,141.0
1860,133.0
1861,146.0
1862,142.0
1863,145.0
1864,135.0
1865,139.0
1866,152.0
1867,157.0
1868,142.0
1869,155.0
1870,144.0
1871,157.0
1872,142.0
1873,155.0
1874,160.0
1875,157.0
1876,153.0
1877,163.0
1878,154.0
1879,154.0
1880,160.0
1881,149.0
1882,154.0
1883,151.0
1884,150.0
1885,163.0
1886,157.0
1887,165.0
1888,155.0
1889,162.0
1890,162.0
1891,166.0
1892,164.0
1893,165.0
1894,159.0
1895,159.0
1896,162.0
1897,161.0
1898,168.0
1899,159.0
1900,161.0
1901,163.0
1902,169.0
1903,154.0
1904,154.0
1905,159.0
1906,166.0
1907,165.0
1908,165.0
1909,150.0
1910,163.0
1911,166.0
1912,162.0
1913,153.0
1914,165.0
1915,150.0
1916,145.0
1917,163.0
1918,147.0
1919,153.0
1920,154.0
1921,158.0
1922,150.0
1923,157.0
1924,154.0
1925,142.0
1926,141.0
1927,142.0
1928,144.0
1929,139.0
1930,140.0
1931,141.0
1932,137.0
1933,132.0
1934,144.0
1935,136.0
1936,132.0
1937,139.0
1938,122.0
1939,127.0
1940,130.0
1941,136.0
1942,132.0
1943,117.0
1944,132.0
1945,131.0
1946,114.0
1947,130.0
1948,126.0
1949,118.0
1950,112.0
1951,117.0
1952,111.0
1953,110.0
1954,122.0
1955,114.0
1956,123.0
1957,121.0
1958,116.0
1959,107.0
1960,100.0
1961,115.0
1962,102.0
1963,114.0
1964,109.0
1965,99.0
1966,100.0
1967,98.0
1968,110.0
1969,107.0
1970,99.0
1971,112.0
1972,106.0
1973,98.0
1974,107.0
1975,108.0
1976,100.0
1977,112.0
1978,96.0
1979,96.0
1980,96.0
1981,101.0
1982,112.0
1983,104.0
1984,112.0
1985,102.0
1986,102.0
1987,110.0
1988,110.0
1989,105.0
1990,108.0
1991,100.0
1992,103.0
1993,107.0
1994,99.0
1995,116.0
1996,109.0
1997,104.0
1998,107.0
1999,119.0
2000,119.0
2001,117.0
2002,116.0
2003,108.0
2004,112.0
2005,114.0
2006,112.0
2007,117.0
2008,117.0
2009,119.0
2010,124.0
2011,115.0
2012,125.0
2013,115.0
2014,124.0
2015,123.0
2016,120.0
2017,123.0
2018,121.0
2019,132.0
2020,134.0
2021,132.0
2022,141.0
2023,143.0
2024,128.0
2025,129.0
2026,134.0
2027,140.0
2028,133.0
2029,137.0
2030,149.0
2031,142.0
2032,152.0
2033,151.0
2034,143.0
2035,158.0
2036,150.0
2037,146.0
2038,156.0
2039,143.0
2040,153.0
2041,158.0
2042,159.0
2043,149.0
2044,160.0
2045,154.0
2046,161.0
2047,148.0
2048,166.0
2049,163.0
2050,169.0
2051,165.0
2052,157.0
2053,171.0
2054,171.0
2055,169.0
2056,154.0
2057,169.0
2058,155.0
2059,165.0
2060,166.0
2061,172.0
2062,167.0
2063,173.0
2064,154.0
2065,158.0
2066,158.0
2067,160.0
2068,156.0
2069,157.0
2070,162.0
2071,171.0
2072,162.0
2073,159.0
2074,157.0
2075,168.0
2076,167.0
2077,169.0
2078,161.0
2079,156.0
2080,162.0
2081,156.0
2082,164.0
2083,166.0
2084,155.0
2085,151.0
2086,155.0
2087,147.0
2088,149.0
2089,146.0
2090,156.0
2091,154.0
2092,148.0
2093,143.0
2094,146.0
2095,137.0
2096,152.0
2097,141.0
2098,139.0
2099,142.0
2100,145.0
2101,146.0
2102,147.0
2103,146.0
2104,134.0
2105,142.0
2106,128.0
2107,140.0
2108,134.0
2109,129.0
2110,129.0
2111,119.0
2112,123.0
2113,132.0
2114,134.0
2115,120.0
2116,126.0
2117,124.0
2118,114.0
2119,124.0
2120,126.0
2121,110.0
2122,110.0
2123,115.0
2124,109.0
2125,111.0
2126,118.0
2127,111.0
2128,116.0
2129,106.0
2130,108.0
2131,108.0
2132,100.0
2133,119.0
2134,105.0
2135,113.0
2136,111.0
2137,112.0
2138,110.0
2139,113.0
2140,102.0
2141,108.0
2142,112.0
2143,105.0
2144,97.0
2145,111.0
2146,107.0
2147,102.0
2148,98.0
2149,97.0
2150,97.0
2151,99.0
2152,108.0
2153,103.0
2154,98.0
2155,103.0
2156,112.0
2157,114.0
2158,105.0
2159,110.0
2160,108.0
2161,109.0
2162,106.0
2163,101.0
2164,116.0
2165,102.0
2166,112.0
2167,107.0
2168,113.0
2169,115.0
2170,106.0
2171,109.0
2172,117.0
2173,124.0
2174,119.0
2175,114.0
2176,118.0
2177,123.0
2178,116.0
2179,126.0
2180,121.0
2181,134.0
2182,121.0
2183,134.0
2184,129.0
2185,126.0
2186,139.0
2187,122.0
2188,124.0
2189,132.0
2190,143.0
2191,135.0
2192,130.0
2193,147.0
2194,149.0
2195,143.0
2196,138.0
2197,142.0
2198,154.0
2199,151.0
2200,140.0
2201,153.0
2202,143.0
2203,148.0
2204,153.0
2205,145.0
2206,152.0
2207,154.0
2208,160.0
2209,145.0
2210,148.0
2211,159.0
2212,158.0
2213,167.0
2214,159.0
2215,168.0
2216,159.0
2217,169.0
2218,159.0
2219,159.0
2220,155.0
2221,164.0
2222,168.0
2223,157.0
2224,164.0
2225,157.0
2226,174.0
2227,155.0
2228,167.0
2229,162.0
2230,161.0
2231,175.0
2232,163.0
2233,156.0
2234,162.0
2235,174.0
2236,159.0
2237,161.0
2238,167.0
2239,170.0
2240,160.0
2241,171.0
2242,159.0
2243,164.0
2244,162.0
2245,158.0
2246,165.0
2247,164.0
2248,169.0
2249,161.0
2250,166.0
2251,151.0
2252,152.0
2253,164.0
2254,151.0
2255,152.0
2256,161.0
2257,159.0
2258,146.0
2259,160.0
2260,142.0
2261,146.0
2262,148.0
2263,150.0
2264,138.0
2265,145.0
2266,148.0
2267,145.0
2268,147.0
2269,139.0
2270,150.0
2271,140.0
2272,146.0
2273,127.0
2274,141.0
2275,139.0
2276,125.0
2277,136.0
2278,127.0
2279,129.0
2280,129.0
2281,127.0
2282,120.0
2283,119.0
2284,121.0
2285,125.0
2286,120.0
2287,113.0
2288,115.0
2289,111.0
2290,113.0
2291,126.0
2292,120.0
2293,113.0
2294,108.0
2295,106.0
2296,124.0
2297,106.0
2298,105.0
2299,102.0
2300,120.0
2301,101.0
2302,117.0
2303,105.0
2304,106.0
2305,103.0
2306,113.0
2307,115.0
2308,104.0
2309,97.0
2310,104.0
2311,98.0
2312,100.0
2313,97.0
2314,96.0
2315,107.0
2316,112.0
2317,108.0
2318,115.0
2319,97.0
2320,97.0
2321,107.0
2322,102.0
2323,106.0
2324,113.0
2325,105.0
2326,116.0
2327,107.0
2328,106.0
2329,108.0
2330,101.0
2331,115.0
2332,115.0
2333,104.0
2334,115.0
2335,119.0
2336,120.0
2337,111.0
2338,123.0
2339,124.0
2340,122.0
2341,116.0
2342,128.0
2343,121.0
2344,117.0
2345,115.0
2346,122.0
2347,125.0
2348,116.0
2349,123.0
2350,130.0
2351,136.0
2352,130.0
2353,125.0
2354,127.0
2355,138.0
2356,126.0
2357,144.0
2358,137.0
2359,134.0
2360,142.0
2361,137.0
2362,139.0
2363,132.0
2364,152.0
2365,139.0
2366,153.0
2367,150.0
2368,141.0
2369,139.0
2370,152.0
2371,152.0
2372,147.0
2373,144.0
2374,162.0
2375,159.0
2376,157.0
2377,158.0
2378,159.0
2379,161.0
2380,156.0
2381,168.0
2382,155.0
2383,166.0
2384,167.0
2385,158.0
2386,159.0
2387,167.0
2388,168.0
2389,169.0
2390,164.0
2391,167.0
2392,157.0
2393,174.0
2394,162.0
2395,160.0
2396,163.0
2397,172.0
2398,160.0
2399,174.0
2400,176.0
2401,175.0
2402,176.0
2403,156.0
2404,176.0
2405,158.0
2406,164.0
2407,158.0
2408,171.0
2409,165.0
2410,166.0
2411,165.0
2412,156.0
2413,155.0
2414,156.0
2415,168.0
2416,156.0
2417,158.0
2418,155.0
2419,157.0
2420,150.0
2421,149.0
2422,150.0
2423,151.0
2424,157.0
2425,158.0
2426,158.0
2427,144.0
2428,156.0
2429,157.0
2430,147.0
2431,144.0
2432,145.0
2433,149.0
2434,145.0
2435,146.0
2436,137.0
2437,138.0
2438,140.0
2439,131.0
2440,133.0
2441,133.0
2442,140.0
2443,127.0
2444,141.0
2445,125.0
2446,134.0
2447,139.0
2448,133.0
2449,134.0
2450,133.0
2451,130.0
2452,124.0
2453,126.0
2454,125.0
2455,122.0
2456,115.0
2457,124.0
2458,121.0
2459,127.0
2460,116.0
2461,108.0
2462,125.0
2463,118.0
2464,114.0
2465,110.0
2466,111.0
2467,108.0
2468,116.0
2469,107.0
2470,118.0
2471,103.0
2472,107.0
2473,112.0
2474,117.0
2475,118.0
2476,117.0
2477,99.0
2478,110.0
2479,111.0
2480,115.0
2481,102.0
2482,114.0
2483,108.0
2484,103.0
2485,104.0
2486,112.0
2487,102.0
2488,111.0
2489,116.0
2490,115.0
2491,105.0
2492,117.0
2493,107.0
2494,115.0
2495,102.0
2496,117.0
2497,115.0
2498,111.0
2499,116.0
2500,107.0
2501,112.0
2502,116.0
2503,116.0
2504,124.0
2505,105.0
2506,114.0
2507,109.0
2508,114.0
2509,120.0
2510,114.0
2511,121.0
2512,126.0
2513,117.0
2514,115.0
2515,126.0
2516,119.0
2517,131.0
2518,121.0
2519,131.0
2520,125.0
2521,128.0
2522,126.0
2523,130.0
2524,139.0
2525,126.0
2526,131.0
2527,144.0
2528,141.0
2529,130.0
2530,137.0
2531,144.0
2532,135.0
2533,139.0
2534,146.0
2535,144.0
2536,155.0
2537,141.0
2538,152.0
2539,142.0
2540,148.0
2541,144.0
2542,153.0
2543,148.0
2544,146.0
2545,159.0
2546,154.0
2547,160.0
2548,152.0
2549,160.0
2550,160.0
2551,168.0
2552,152.0
2553,154.0
2554,155.0
2555,155.0
2556,166.0
2557,173.0
2558,164.0
2559,159.0
2560,160.0
2561,167.0
2562,160.0
2563,175.0
2564,164.0
2565,158.0
2566,157.0
2567,162.0
2568,169.0
2569,176.0
2570,168.0
2571,164.0
2572,175.0
2573,158.0
2574,162.0
2575,157.0
2576,167.0
2577,168.0
2578,173.0
2579,160.0
2580,162.0
2581,156.0
2582,168.0
2583,168.0
2584,172.0
2585,156.0
2586,171.0
2587,152.0
2588,162.0
2589,160.0
2590,152.0
2591,165.0
2592,155.0
2593,159.0
2594,165.0
2595,153.0
2596,144.0
2597,143.0
2598,156.0
2599,155.0
2600,156.0
2601,155.0
2602,140.0
2603,152.0
2604,150.0
2605,150.0
2606,152.0
2607,148.0
2608,133.0
2609,146.0
2610,144.0
2611,130.0
2612,138.0
2613,138.0
2614,131.0
2615,131.0
2616,130.0
2617,133.0
2618,133.0
2619,127.0
2620,130.0
2621,127.0
2622,120.0
2623,126.0
2624,126.0
2625,116.0
2626,129.0
2627,116.0
2628,123.0
2629,121.0
2630,121.0
2631,127.0
2632,121.0
2633,108.0
2634,109.0
2635,106.0
2636,105.0
2637,106.0
2638,109.0
2639,117.0
2640,115.0
2641,108.0
2642,102.0
2643,118.0
2644,111.0
2645,115.0
2646,101.0
2647,99.0
2648,117.0
2649,110.0
2650,98.0
2651,103.0
2652,111.0
2653,110.0
2654,111.0
2655,114.0
2656,105.0
2657,112.0
2658,102.0
2659,118.0
2660,99.0
2661,101.0
2662,106.0
2663,119.0
2664,106.0
2665,118.0
2666,101.0
2667,105.0
2668,105.0
2669,105.0
2670,114.0
2671,109.0
2672,125.0
2673,124.0
2674,112.0
2675,107.0
2676,115.0
2677,126.0
2678,118.0
2679,129.0
2680,118.0
2681,113.0
2682,124.0
2683,125.0
2684,134.0
2685,125.0
2686,130.0
2687,132.0
2688,134.0
2689,123.0
2690,130.0
2691,138.0
2692,126.0
2693,137.0
2694,145.0
2695,140.0
2696,146.0
2697,144.0
2698,133.0
2699,144.0
2700,147.0
2701,143.0
2702,150.0
2703,147.0
2704,143.0
2705,155.0
2706,149.0
2707,150.0
2708,145.0
2709,158.0
2710,158.0
2711,144.0
2712,154.0
2713,165.0
2714,156.0
2715,159.0
2716,163.0
2717,160.0
2718,163.0
2719,166.0
2720,169.0
2721,171.0
2722,172.0
2723,160.0
2724,166.0
2725,157.0
2726,167.0
2727,161.0
2728,157.0
2729,164.0
2730,168.0
2731,158.0
2732,163.0
2733,159.0
2734,162.0
2735,160.0
2736,158.0
2737,171.0
2738,167.0
2739,170.0
2740,161.0
2741,160.0
2742,166.0
2743,170.0
2744,158.0
2745,166.0
2746,176.0
2747,171.0
2748,166.0
2749,157.0
2750,155.0
2751,174.0
2752,162.0
2753,172.0
2754,156.0
2755,160.0
2756,169.0
2757,156.0
2758,157.0
2759,161.0
2760,163.0
2761,167.0
2762,150.0
2763,150.0
2764,159.0
2765,154.0
2766,150.0
2767,147.0
2768,152.0
2769,149.0
2770,153.0
2771,147.0
2772,149.0
2773,149.0
2774,143.0
2775,150.0
2776,151.0
2777,150.0
2778,141.0
2779,130.0
2780,132.0
2781,135.0
2782,143.0
2783,137.0
2784,124.0
2785,128.0
2786,134.0
2787,137.0
2788,138.0
2789,119.0
2790,126.0
2791,136.0
2792,128.0
2793,119.0
2794,124.0
2795,119.0
2796,124.0
2797,116.0
2798,115.0
2799,124.0
2800,108.0
2801,115.0
2802,108.0
2803,115.0
2804,106.0
2805,109.0
2806,107.0
2807,112.0
2808,105.0
2809,115.0
2810,110.0
2811,107.0
2812,111.0
2813,114.0
2814,104.0
2815,100.0
2816,117.0
2817,107.0
2818,102.0
2819,105.0
2820,108.0
2821,99.0
2822,108.0
2823,103.0
2824,109.0
2825,105.0
2826,107.0
2827,106.0
2828,104.0
2829,108.0
2830,115.0
2831,110.0
2832,112.0
2833,107.0
2834,121.0
2835,105.0
2836,103.0
2837,110.0
2838,108.0
2839,123.0
2840,109.0
2841,109.0
2842,119.0
2843,126.0
2844,117.0
2845,116.0
2846,111.0
2847,129.0
2848,128.0
2849,124.0
2850,125.0
2851,121.0
2852,134.0
2853,125.0
2854,119.0
2855,130.0
2856,135.0
2857,140.0
2858,137.0
2859,132.0
2860,136.0
2861,135.0
2862,127.0
2863,147.0
2864,147.0
2865,133.0
2866,148.0
2867,140.0
2868,151.0
2869,147.0
2870,142.0
2871,146.0
2872,153.0
2873,157.0
2874,145.0
2875,152.0
2876,155.0
2877,144.0
2878,159.0
2879,154.0
2880,163.0
2881,153.0
2882,156.0
2883,151.0
2884,156.0
2885,157.0
2886,152.0
2887,161.0
2888,158.0
2889,160.0
2890,156.0
2891,172.0
2892,175.0
2893,172.0
2894,163.0
2895,169.0
2896,173.0
2897,160.0
2898,175.0
2899,163.0
2900,173.0
2901,170.0
2902,168.0
2903,167.0
2904,167.0
2905,168.0
2906,171.0
2907,173.0
2908,164.0
2909,174.0
2910,174.0
2911,172.0
2912,176.0
2913,168.0
2914,158.0
2915,164.0
2916,163.0
2917,174.0
2918,160.0
2919,163.0
2920,157.0
2921,170.0
2922,154.0
2923,170.0
2924,163.0
2925,169.0
2926,154.0
2927,156.0
2928,168.0
2929,168.0
2930,151.0
2931,156.0
2932,149.0
2933,162.0
2934,162.0
2935,150.0
2936,150.0
2937,152.0
2938,152.0
2939,149.0
2940,156.0
2941,151.0
2942,152.0
2943,147.0
2944,151.0
2945,135.0
2946,150.0
2947,134.0
2948,140.0
2949,128.0
2950,133.0
2951,130.0
2952,144.0
2953,129.0
2954,127.0
2955,138.0
2956,132.0
2957,139.0
2958,125.0
2959,129.0
2960,135.0
2961,123.0
2962,121.0
2963,129.0
2964,118.0
2965,123.0
2966,120.0
2967,111.0
2968,117.0
2969,128.0
2970,124.0
2971,117.0
2972,109.0
2973,106.0
2974,110.0
2975,112.0
2976,118.0
2977,119.0
2978,103.0
2979,109.0
2980,109.0
2981,118.0
2982,110.0
2983,103.0
2984,100.0
2985,106.0
2986,113.0
2987,119.0
2988,100.0
2989,115.0
2990,101.0
2991,100.0
2992,106.0
2993,104.0
2994,111.0
2995,113.0
2996,108.0
2997,112.0
2998,103.0
2999,115.0
3000,108.0
3001,109.0
3002,113.0
3003,105.0
3004,105.0
3005,111.0
3006,113.0
3007,119.0
3008,118.0
3009,111.0
3010,111.0
3011,115.0
3012,127.0
3013,122.0
3014,121.0
3015,116.0
3016,127.0
3017,120.0
3018,123.0
3019,134.0
3020,118.0
3021,126.0
3022,134.0
3023,128.0
3024,124.0
3025,138.0
3026,131.0
3027,133.0
3028,134.0
3029,141.0
3030,127.0
3031,128.0
3032,130.0
3033,148.0
3034,139.0
3035,149.0
3036,142.0
3037,142.0
3038,151.0
3039,146.0
3040,145.0
3041,148.0
3042,158.0
3043,146.0
3044,161.0
3045,150.0
3046,146.0
3047,153.0
3048,162.0
3049,150.0
3050,167.0
3051,153.0
3052,167.0
3053,164.0
3054,158.0
3055,158.0
3056,158.0
3057,158.0
3058,166.0
3059,165.0
3060,169.0
3061,156.0
3062,176.0
3063,168.0
3064,161.0
3065,164.0
3066,177.0
3067,164.0
3068,165.0
3069,162.0
3070,166.0
3071,173.0
3072,164.0
3073,163.0
3074,177.0
3075,166.0
3076,176.0
3077,172.0
3078,178.0
3079,161.0
3080,169.0
3081,172.0
3082,177.0
3083,162.0
3084,171.0
3085,158.0
3086,168.0
3087,169.0
3088,168.0
3089,155.0
3090,170.0
3091,169.0
3092,153.0
3093,157.0
3094,167.0
3095,160.0
3096,155.0
3097,158.0
3098,162.0
3099,164.0
3100,150.0
3101,148.0
3102,145.0
3103,158.0
3104,145.0
3105,159.0
3106,144.0
3107,147.0
3108,146.0
3109,149.0
3110,152.0
3111,145.0
3112,153.0
3113,151.0
3114,139.0
3115,133.0
3116,146.0
3117,130.0
3118,145.0
3119,143.0
3120,138.0
3121,125.0
3122,142.0
3123,122.0
3124,123.0
3125,138.0
3126,130.0
3127,127.0
3128,131.0
3129,135.0
3130,115.0
3131,123.0
3132,125.0
3133,128.0
3134,127.0
3135,121.0
3136,120.0
3137,115.0
3138,115.0
3139,117.0
3140,116.0
3141,119.0
3142,122.0
3143,116.0
3144,115.0
3145,108.0
3146,103.0
3147,110.0
3148,111.0
3149,116.0
3150,118.0
3151,112.0
3152,115.0
3153,114.0
3154,116.0
3155,114.0
3156,113.0
3157,110.0
3158,105.0
3159,118.0
3160,102.0
3161,103.0
3162,116.0
3163,108.0
3164,104.0
3165,103.0
3166,120.0
3167,108.0
3168,106.0
3169,108.0
3170,107.0
3171,122.0
3172,109.0
3173,122.0
3174,121.0
3175,110.0
3176,117.0
3177,107.0
3178,121.0
3179,122.0
3180,118.0
3181,121.0
3182,118.0
3183,113.0
3184,122.0
3185,116.0
3186,122.0
3187,116.0
3188,129.0
3189,126.0
3190,121.0
3191,122.0
3192,121.0
3193,125.0
3194,134.0
3195,130.0
3196,136.0
3197,134.0
3198,144.0
3199,139.0
3200,146.0
3201,147.0
3202,140.0
3203,147.0
3204,151.0
3205,139.0
3206,153.0
3207,138.0
3208,146.0
3209,150.0
3210,155.0
3211,155.0
3212,147.0
3213,148.0
3214,152.0
3215,152.0
3216,155.0
3217,151.0
3218,148.0
3219,161.0
3220,152.0
3221,163.0
3222,151.0
3223,164.0
3224,157.0
3225,156.0
3226,170.0
3227,165.0
3228,162.0
3229,165.0
3230,168.0
3231,160.0
3232,175.0
3233,165.0
3234,163.0
3235,159.0
3236,161.0
3237,175.0
3238,165.0
3239,169.0
3240,172.0
3241,174.0
3242,174.0
3243,174.0
3244,166.0
3245,171.0
3246,177.0
3247,177.0
3248,161.0
3249,173.0
3250,176.0
3251,163.0
3252,176.0
3253,175.0
3254,159.0
3255,162.0
3256,164.0
3257,166.0
3258,159.0
3259,159.0
3260,172.0
3261,169.0
3262,164.0
3263,154.0
3264,161.0
3265,156.0
3266,168.0
3267,153.0
3268,160.0
3269,165.0
3270,152.0
3271,149.0
3272,146.0
3273,160.0
3274,156.0
3275,157.0
3276,149.0
3277,149.0
3278,139.0
3279,144.0
3280,145.0
3281,145.0
3282,135.0
3283,142.0
3284,134.0
3285,132.0
3286,135.0
3287,133.0
3288,140.0
3289,138.0
3290,143.0
3291,128.0
3292,128.0
3293,131.0
3294,137.0
3295,136.0
3296,133.0
3297,135.0
3298,130.0
3299,118.0
3300,130.0
3301,120.0
3302,117.0
3303,112.0
3304,124.0
3305,111.0
3306,121.0
3307,110.0
3308,120.0
3309,118.0
3310,123.0
3311,107.0
3312,106.0
3313,114.0
3314,118.0
3315,106.0
3316,104.0
3317,108.0
3318,114.0
3319,116.0
3320,111.0
3321,101.0
3322,117.0
3323,119.0
3324,116.0
3325,107.0
3326,114.0
3327,112.0
3328,110.0
3329,101.0
3330,101.0
3331,107.0
3332,104.0
3333,106.0
3334,110.0
3335,114.0
3336,116.0
3337,115.0
3338,106.0
3339,105.0
3340,116.0
3341,115.0
3342,123.0
3343,108.0
3344,113.0
3345,112.0
3346,110.0
3347,111.0
3348,125.0
3349,120.0
3350,112.0
3351,116.0
3352,124.0
3353,117.0
3354,116.0
3355,131.0
3356,122.0
3357,128.0
3358,119.0
3359,119.0
3360,130.0
3361,133.0
3362,126.0
3363,124.0
3364,129.0
3365,131.0
3366,146.0
3367,128.0
3368,137.0
3369,132.0
3370,137.0
3371,149.0
3372,146.0
3373,138.0
3374,140.0
3375,149.0
3376,157.0
3377,141.0
3378,145.0
3379,148.0
3380,141.0
3381,151.0
3382,162.0
3383,145.0
3384,146.0
3385,165.0
3386,158.0
3387,160.0
3388,165.0
3389,160.0
3390,152.0
3391,156.0
3392,155.0
3393,154.0
3394,162.0
3395,156.0
3396,155.0
3397,159.0
3398,171.0
3399,159.0
3400,157.0
3401,159.0
3402,159.0
3403,168.0
3404,173.0
3405,159.0
3406,160.0
3407,174.0
3408,176.0
3409,168.0
3410,167.0
3411,164.0
3412,178.0
3413,172.0
3414,161.0
3415,177.0
3416,165.0
3417,169.0
3418,160.0
3419,171.0
3420,169.0
3421,167.0
3422,174.0
3423,161.0
3424,175.0
3425,163.0
3426,165.0
3427,174.0
3428,164.0
3429,171.0
3430,154.0
3431,157.0
3432,164.0
3433,161.0
3434,159.0
3435,163.0
3436,157.0
3437,151.0
3438,157.0
3439,162.0
3440,154.0
3441,151.0
3442,143.0
3443,147.0
3444,145.0
3445,144.0
3446,148.0
3447,150.0
3448,150.0
3449,147.0
3450,138.0
3451,140.0
3452,134.0
3453,137.0
3454,144.0
3455,140.0
3456,140.0
3457,140.0
3458,132.0
3459,138.0
3460,123.0
3461,131.0
3462,123.0
3463,128.0
3464,118.0
3465,136.0
3466,133.0
3467,131.0
3468,119.0
3469,132.0
3470,121.0
3471,125.0
3472,126.0
3473,116.0
3474,111.0
3475,111.0
3476,113.0
3477,124.0
3478,121.0
3479,112.0
3480,116.0
3481,106.0
3482,104.0
3483,103.0
3484,116.0
3485,105.0
3486,112.0
3487,111.0
3488,104.0
3489,104.0
3490,112.0
3491,120.0
3492,119.0
3493,106.0
3494,111.0
3495,107.0
3496,105.0
3497,114.0
3498,114.0
3499,106.0
3500,108.0
3501,114.0
3502,117.0
3503,109.0
3504,111.0
3505,107.0
3506,121.0
3507,120.0
3508,120.0
3509,106.0
3510,120.0
3511,120.0
3512,116.0
3513,116.0
3514,116.0
3515,123.0
3516,127.0
3517,118.0
3518,121.0
3519,119.0
3520,125.0
3521,131.0
3522,121.0
3523,133.0
3524,129.0
3525,132.0
3526,123.0
3527,130.0
3528,132.0
3529,131.0
3530,130.0
3531,127.0
3532,136.0
3533,127.0
3534,141.0
3535,141.0
3536,147.0
3537,130.0
3538,149.0
3539,137.0
3540,137.0
3541,148.0
3542,137.0
3543,139.0
3544,148.0
3545,139.0
3546,139.0
3547,148.0
3548,147.0
3549,152.0
3550,144.0
3551,161.0
3552,155.0
3553,150.0
3554,150.0
3555,167.0
3556,165.0
3557,167.0
3558,162.0
3559,154.0
3560,154.0
3561,162.0
3562,156.0
3563,164.0
3564,166.0
3565,165.0
3566,172.0
3567,171.0
3568,165.0
3569,169.0
3570,175.0
3571,167.0
3572,163.0
3573,176.0
3574,160.0
3575,165.0
3576,171.0
3577,169.0
3578,161.0
3579,162.0
3580,162.0
3581,160.0
3582,169.0
3583,164.0
3584,171.0
3585,159.0
3586,169.0
3587,171.0
3588,176.0
3589,173.0
3590,163.0
3591,172.0
3592,160.0
3593,171.0
3594,169.0
3595,160.0
3596,156.0
3597,165.0
3598,168.0
3599,172.0
3600,167.0
3601,152.0
3602,158.0
3603,168.0
3604,163.0
3605,149.0
3606,159.0
3607,147.0
3608,146.0
3609,152.0
3610,150.0
3611,159.0
3612,155.0
3613,155.0
3614,142.0
3615,149.0
3616,148.0
3617,138.0
3618,134.0
3619,145.0
3620,145.0
3621,144.0
3622,147.0
3623,140.0
3624,137.0
3625,135.0
3626,128.0
3627,143.0
3628,137.0
3629,130.0
3630,121.0
3631,133.0
3632,131.0
3633,130.0
3634,122.0
3635,119.0
3636,131.0
3637,120.0
3638,130.0
3639,112.0
3640,112.0
3641,123.0
3642,117.0
3643,115.0
3644,125.0
3645,108.0
3646,115.0
3647,114.0
3648,106.0
3649,113.0
3650,114.0
3651,105.0
3652,105.0
3653,120.0
3654,105.0
3655,121.0
3656,112.0
3657,114.0
3658,116.0
3659,101.0
3660,110.0
3661,115.0
3662,113.0
3663,103.0
3664,105.0
3665,105.0
3666,117.0
3667,119.0
3668,119.0
3669,109.0
3670,120.0
3671,118.0
3672,108.0
3673,120.0
3674,114.0
3675,122.0
3676,104.0
3677,115.0
3678,120.0
3679,118.0
3680,105.0
3681,115.0
3682,124.0
3683,119.0
3684,125.0
3685,114.0
3686,121.0
3687,113.0
3688,116.0
3689,118.0
3690,116.0
3691,118.0
3692,125.0
3693,120.0
3694,117.0
3695,123.0
3696,122.0
3697,120.0
3698,121.0
3699,128.0
3700,136.0
3701,136.0
3702,140.0
3703,134.0
3704,136.0
3705,129.0
3706,134.0
3707,139.0
3708,140.0
3709,145.0
3710,153.0
3711,137.0
3712,139.0
3713,152.0
3714,145.0
3715,148.0
3716,146.0
3717,151.0
3718,145.0
3719,156.0
3720,147.0
3721,151.0
3722,157.0
3723,162.0
3724,167.0
3725,164.0
3726,164.0
3727,151.0
3728,170.0
3729,153.0
3730,171.0
3731,172.0
3732,158.0
3733,167.0
3734,172.0
3735,173.0
3736,172.0
3737,166.0
3738,170.0
3739,170.0
3740,177.0
3741,166.0
3742,166.0
3743,177.0
3744,159.0
3745,177.0
3746,162.0
3747,177.0
3748,177.0
3749,162.0
3750,169.0
3751,166.0
3752,165.0
3753,162.0
3754,178.0
3755,161.0
3756,159.0
3757,158.0
3758,168.0
3759,175.0
3760,164.0
3761,158.0
3762,162.0
3763,171.0
3764,156.0
3765,171.0
3766,155.0
3767,168.0
3768,170.0
3769,165.0
3770,164.0
3771,169.0
3772,157.0
3773,159.0
3774,162.0
3775,160.0
3776,157.0
3777,157.0
3778,156.0
3779,160.0
3780,159.0
3781,153.0
3782,140.0
3783,143.0
3784,139.0
3785,139.0
3786,134.0
3787,152.0
3788,136.0
3789,146.0
3790,137.0
3791,133.0
3792,140.0
3793,129.0
3794,144.0
3795,132.0
3796,140.0
3797,140.0
3798,124.0
3799,126.0
3800,125.0
3801,135.0
3802,125.0
3803,125.0
3804,122.0
3805,128.0
3806,130.0
3807,119.0
3808,121.0
3809,117.0
3810,122.0
3811,124.0
3812,127.0
3813,119.0
3814,118.0
3815,112.0
3816,122.0
3817,121.0
3818,107.0
3819,119.0
3820,110.0
3821,112.0
3822,118.0
3823,104.0
3824,111.0
3825,102.0
3826,119.0
3827,103.0
3828,100.0
3829,115.0
3830,101.0
3831,113.0
3832,101.0
3833,105.0
3834,106.0
3835,107.0
3836,110.0
3837,112.0
3838,119.0
3839,113.0
3840,105.0
3841,116.0
3842,119.0
3843,117.0
3844,102.0
3845,103.0
3846,110.0
3847,112.0
3848,117.0
3849,124.0
3850,107.0
3851,107.0
3852,114.0
3853,117.0
3854,114.0
3855,121.0
3856,130.0
3857,118.0
3858,117.0
3859,116.0
3860,120.0
3861,130.0
3862,128.0
3863,132.0
3864,134.0
3865,128.0
3866,130.0
3867,124.0
3868,133.0
3869,136.0
3870,130.0
3871,143.0
3872,130.0
3873,138.0
3874,132.0
3875,137.0
3876,150.0
3877,136.0
3878,133.0
3879,146.0
3880,150.0
3881,153.0
3882,156.0
3883,155.0
3884,141.0
3885,156.0
3886,156.0
3887,148.0
3888,154.0
3889,155.0
3890,164.0
3891,156.0
3892,159.0
3893,164.0
3894,150.0
3895,163.0
3896,166.0
3897,153.0
3898,153.0
3899,158.0
3900,157.0
3901,154.0
3902,156.0
3903,167.0
3904,158.0
3905,163.0
3906,172.0
3907,171.0
3908,163.0
3909,172.0
3910,177.0
3911,171.0
3912,170.0
3913,167.0
3914,171.0
3915,165.0
3916,178.0
3917,176.0
3918,171.0
3919,170.0
3920,173.0
3921,171.0
3922,159.0
3923,167.0
3924,171.0
3925,175.0
3926,163.0
3927,167.0
3928,159.0
3929,164.0
3930,159.0
3931,162.0
3932,171.0
3933,170.0
3934,168.0
3935,164.0
3936,162.0
3937,158.0
3938,167.0
3939,159.0
3940,150.0
3941,165.0
3942,148.0
3943,165.0
3944,152.0
3945,155.0
3946,146.0
3947,148.0
3948,148.0
3949,144.0
3950,149.0
3951,146.0
3952,149.0
3953,152.0
3954,147.0
3955,136.0
3956,137.0
3957,146.0
3958,144.0
3959,140.0
3960,146.0
3961,143.0
3962,127.0
3963,133.0
3964,131.0
3965,135.0
3966,133.0
3967,136.0
3968,123.0
3969,119.0
3970,122.0
3971,130.0
3972,121.0
3973,131.0
3974,127.0
3975,117.0
3976,130.0
3977,119.0
3978,117.0
3979,121.0
3980,112.0
3981,125.0
3982,124.0
3983,123.0
3984,123.0
3985,110.0
3986,113.0
3987,107.0
3988,117.0
3989,116.0
3990,117.0
3991,104.0
3992,105.0
3993,109.0
3994,113.0
3995,103.0
3996,103.0
3997,104.0
3998,101.0
3999,102.0
4000,99.0
4001,118.0
4002,109.0
4003,116.0
4004,117.0
4005,104.0
4006,110.0
4007,115.0
4008,106.0
4009,114.0
4010,106.0
4011,104.0
4012,118.0
4013,102.0
4014,108.0
4015,117.0
4016,107.0
4017,120.0
4018,119.0
4019,111.0
4020,112.0
4021,124.0
4022,119.0
4023,108.0
4024,110.0
4025,110.0
4026,115.0
4027,128.0
4028,130.0
4029,132.0
4030,124.0
4031,128.0
4032,118.0
4033,119.0
4034,127.0
4035,121.0
4036,127.0
4037,142.0
4038,127.0
4039,142.0
4040,132.0
4041,135.0
4042,135.0
4043,147.0
4044,146.0
4045,140.0
4046,137.0
4047,140.0
4048,138.0
4049,140.0
4050,151.0
4051,140.0
4052,155.0
4053,151.0
4054,153.0
4055,156.0
4056,161.0
4057,156.0
4058,148.0
4059,164.0
4060,163.0
4061,166.0
4062,165.0
4063,159.0
4064,150.0
4065,159.0
4066,161.0
4067,163.0
4068,168.0
4069,168.0
4070,156.0
4071,154.0
4072,169.0
4073,165.0
4074,165.0
4075,172.0
4076,163.0
4077,163.0
4078,173.0
4079,167.0
4080,158.0
4081,158.0
4082,160.0
4083,178.0
4084,158.0
4085,169.0
4086,164.0
4087,160.0
4088,178.0
4089,162.0
4090,158.0
4091,164.0
4092,165.0
4093,176.0
4094,162.0
4095,169.0
4096,158.0
4097,171.0
4098,155.0
4099,167.0
4100,166.0
4101,172.0
4102,165.0
4103,170.0
4104,158.0
4105,153.0
4106,160.0
4107,151.0
4108,159.0
4109,147.0
4110,151.0
4111,147.0
4112,154.0
4113,162.0
4114,151.0
4115,160.0
4116,147.0
4117,157.0
4118,141.0
4119,146.0
4120,138.0
4121,142.0
4122,149.0
4123,151.0
4124,143.0
4125,142.0
4126,147.0
4127,143.0
4128,131.0
4129,137.0
4130,128.0
4131,130.0
4132,127.0
4133,136.0
4134,136.0
4135,125.0
4136,132.0
4137,128.0
4138,121.0
4139,125.0
4140,132.0
4141,128.0
4142,116.0
4143,128.0
4144,111.0
4145,110.0
4146,114.0
4147,120.0
4148,109.0
4149,124.0
4150,108.0
4151,114.0
4152,118.0
4153,117.0
4154,122.0
4155,108.0
4156,108.0
4157,114.0
4158,102.0
4159,102.0
4160,118.0
4161,102.0
4162,102.0
4163,106.0
4164,115.0
4165,116.0
4166,111.0
4167,105.0
4168,106.0
4169,115.0
4170,109.0
4171,99.0
4172,113.0
4173,106.0
4174,110.0
4175,108.0
4176,113.0
4177,115.0
4178,100.0
4179,101.0
4180,117.0
4181,120.0
4182,108.0
4183,104.0
4184,114.0
4185,117.0
4186,117.0
4187,109.0
4188,115.0
4189,120.0
4190,107.0
4191,119.0
4192,111.0
4193,112.0
4194,119.0
4195,118.0
4196,123.0
4197,119.0
4198,131.0
4199,122.0
4200,122.0
4201,133.0
4202,135.0
4203,125.0
4204,137.0
4205,126.0
4206,133.0
4207,143.0
4208,133.0
4209,127.0
4210,140.0
4211,137.0
4212,133.0
4213,149.0
4214,139.0
4215,151.0
4216,152.0
4217,141.0
4218,150.0
4219,137.0
4220,143.0
4221,148.0
4222,145.0
4223,148.0
4224,146.0
4225,157.0
4226,153.0
4227,158.0
4228,156.0
4229,147.0
4230,166.0
4231,160.0
4232,152.0
4233,168.0
4234,163.0
4235,165.0
4236,153.0
4237,160.0
4238,171.0
4239,171.0
4240,173.0
4241,174.0
4242,160.0
4243,171.0
4244,175.0
4245,159.0
4246,175.0
4247,167.0
4248,166.0
4249,176.0
4250,160.0
4251,169.0
4252,169.0
4253,159.0
4254,162.0
4255,170.0
4256,175.0
4257,168.0
4258,170.0
4259,159.0
4260,170.0
4261,167.0
4262,157.0
4263,166.0
4264,165.0
4265,163.0
4266,173.0
4267,156.0
4268,170.0
4269,163.0
4270,167.0
4271,164.0
4272,164.0
4273,156.0
4274,168.0
4275,163.0
4276,165.0
4277,158.0
4278,147.0
4279,147.0
4280,146.0
4281,147.0
4282,152.0
4283,150.0
4284,151.0
4285,146.0
4286,143.0
4287,146.0
4288,152.0
4289,142.0
4290,141.0
4291,133.0
4292,134.0
4293,133.0
4294,133.0
4295,144.0
4296,133.0
4297,141.0
4298,132.0
4299,141.0
4300,124.0
4301,127.0
4302,132.0
4303,134.0
4304,119.0
4305,123.0
4306,132.0
4307,133.0
4308,117.0
4309,122.0
4310,125.0
4311,112.0
4312,128.0
4313,124.0
4314,122.0
4315,120.0
4316,112.0
4317,121.0
4318,120.0
4319,117.0
4320,104.0
4321,118.0
4322,119.0
4323,111.0
4324,112.0
4325,104.0
4326,102.0
4327,115.0
4328,116.0
4329,115.0
4330,101.0
4331,111.0
4332,107.0
4333,98.0
4334,109.0
4335,104.0
4336,112.0
4337,112.0
4338,112.0
4339,99.0
4340,114.0
4341,110.0
4342,107.0
4343,105.0
4344,103.0
4345,114.0
4346,108.0
4347,104.0
4348,114.0
4349,107.0
4350,107.0
4351,114.0
4352,106.0
4353,108.0
4354,105.0
4355,109.0
4356,106.0
4357,108.0
4358,123.0
4359,108.0
4360,124.0
4361,126.0
4362,126.0
4363,110.0
4364,125.0
4365,120.0
4366,127.0
4367,133.0
4368,130.0
4369,126.0
4370,134.0
4371,136.0
4372,130.0
4373,120.0
4374,121.0
4375,136.0
4376,140.0
4377,134.0
4378,136.0
4379,137.0
4380,146.0
4381,132.0
4382,138.0
4383,140.0
4384,148.0
4385,132.0
4386,135.0
4387,136.0
4388,152.0
4389,143.0
4390,149.0
4391,142.0
4392,146.0
4393,154.0
4394,151.0
4395,154.0
4396,156.0
4397,150.0
4398,152.0
4399,166.0
4400,165.0
4401,162.0
4402,149.0
4403,151.0
4404,150.0
4405,167.0
4406,161.0
4407,159.0
4408,159.0
4409,156.0
4410,169.0
4411,173.0
4412,162.0
4413,170.0
4414,173.0
4415,172.0
4416,165.0
4417,163.0
4418,175.0
4419,175.0
4420,170.0
4421,163.0
4422,173.0
4423,171.0
4424,158.0
4425,172.0
4426,162.0
4427,165.0
4428,164.0
4429,164.0
4430,168.0
4431,168.0
4432,155.0
4433,171.0
4434,170.0
4435,155.0
4436,166.0
4437,160.0
4438,153.0
4439,167.0
4440,157.0
4441,151.0
4442,150.0
4443,150.0
4444,151.0
4445,158.0
4446,153.0
4447,150.0
4448,150.0
4449,143.0
4450,149.0
4451,149.0
4452,146.0
4453,139.0
4454,147.0
4455,137.0
4456,155.0
4457,154.0
4458,136.0
4459,136.0
4460,137.0
4461,131.0
4462,141.0
4463,142.0
4464,127.0
4465,142.0
4466,127.0
4467,126.0
4468,135.0
4469,140.0
4470,132.0
4471,122.0
4472,131.0
4473,126.0
4474,132.0
4475,129.0
4476,121.0
4477,119.0
4478,129.0
4479,121.0
4480,117.0
4481,111.0
4482,120.0
4483,118.0
4484,110.0
4485,119.0
4486,105.0
4487,121.0
4488,105.0
4489,110.0
4490,111.0
4491,120.0
4492,117.0
4493,118.0
4494,109.0
4495,111.0
4496,113.0
4497,114.0
4498,104.0
4499,105.0
4500,101.0
4501,110.0
4502,103.0
4503,110.0
4504,113.0
4505,103.0
4506,96.0
4507,102.0
4508,109.0
4509,102.0
4510,116.0
4511,116.0
4512,112.0
4513,101.0
4514,98.0
4515,101.0
4516,104.0
4517,103.0
4518,117.0
4519,104.0
4520,104.0
4521,112.0
4522,102.0
4523,102.0
4524,117.0
4525,110.0
4526,120.0
4527,122.0
4528,121.0
4529,116.0
4530,118.0
4531,126.0
4532,121.0
4533,113.0
4534,125.0
4535,119.0
4536,125.0
4537,119.0
4538,117.0
4539,128.0
4540,130.0
4541,133.0
4542,137.0
4543,123.0
4544,127.0
4545,124.0
4546,142.0
4547,142.0
4548,134.0
4549,141.0
4550,139.0
4551,143.0
4552,144.0
4553,136.0
4554,137.0
4555,145.0
4556,147.0
4557,141.0
4558,152.0
4559,155.0
4560,138.0
4561,143.0
4562,159.0
4563,159.0
4564,152.0
4565,162.0
4566,160.0
4567,147.0
4568,158.0
4569,166.0
4570,152.0
4571,152.0
4572,163.0
4573,154.0
4574,169.0
4575,152.0
4576,169.0
4577,162.0
4578,159.0
4579,172.0
4580,162.0
4581,160.0
4582,172.0
4583,170.0
4584,156.0
4585,174.0
4586,161.0
4587,157.0
4588,174.0
4589,158.0
4590,173.0
4591,173.0
4592,170.0
4593,170.0
4594,171.0
4595,167.0
4596,164.0
4597,161.0
4598,167.0
4599,165.0
4600,168.0
4601,158.0
4602,172.0
4603,157.0
4604,158.0
4605,167.0
4606,159.0
4607,163.0
4608,152.0
4609,150.0
4610,163.0
4611,157.0
4612,151.0
4613,161.0
4614,159.0
4615,160.0
4616,162.0
4617,147.0
4618,145.0
4619,155.0
4620,151.0
4621,138.0
4622,138.0
4623,140.0
4624,140.0
4625,148.0
4626,147.0
4627,150.0
4628,147.0
4629,135.0
4630,141.0
4631,145.0
4632,134.0
4633,141.0
4634,127.0
4635,127.0
4636,134.0
4637,132.0
4638,122.0
4639,130.0
4640,124.0
4641,123.0
4642,126.0
4643,123.0
4644,115.0
4645,112.0
4646,113.0
4647,121.0
4648,112.0
4649,113.0
4650,108.0
4651,109.0
4652,125.0
4653,110.0
4654,109.0
4655,114.0
4656,115.0
4657,112.0
4658,114.0
4659,116.0
4660,105.0
4661,111.0
4662,115.0
4663,101.0
4664,102.0
4665,116.0
4666,107.0
4667,107.0
4668,100.0
4669,104.0
4670,110.0
4671,104.0
4672,114.0
4673,98.0
4674,113.0
4675,108.0
4676,97.0
4677,106.0
4678,107.0
4679,111.0
4680,98.0
4681,110.0
4682,115.0
4683,102.0
4684,100.0
4685,106.0
4686,109.0
4687,117.0
4688,107.0
4689,101.0
4690,106.0
4691,107.0
4692,116.0
4693,109.0
4694,118.0
4695,120.0
4696,121.0
4697,121.0
4698,114.0
4699,108.0
4700,126.0
4701,119.0
4702,127.0
4703,119.0
4704,119.0
4705,132.0
4706,125.0
4707,119.0
4708,124.0
4709,130.0
4710,119.0
4711,131.0
4712,130.0
4713,128.0
4714,122.0
4715,128.0
4716,134.0
4717,125.0
4718,135.0
4719,145.0
4720,138.0
4721,131.0
4722,131.0
4723,142.0
4724,143.0
4725,153.0
4726,148.0
4727,155.0
4728,149.0
4729,140.0
4730,150.0
4731,140.0
4732,151.0
4733,151.0
4734,152.0
4735,161.0
4736,147.0
4737,165.0
4738,155.0
4739,149.0
4740,162.0
4741,156.0
4742,155.0
4743,151.0
4744,161.0
4745,153.0
4746,168.0
4747,168.0
4748,167.0
4749,158.0
4750,156.0
4751,162.0
4752,167.0
4753,167.0
4754,162.0
4755,158.0
4756,172.0
4757,166.0
4758,161.0
4759,170.0
4760,160.0
4761,157.0
4762,159.0
4763,155.0
4764,158.0
4765,163.0
4766,173.0
4767,155.0
4768,167.0
4769,153.0
4770,159.0
4771,161.0
4772,158.0
4773,162.0
4774,150.0
4775,163.0
4776,160.0
4777,165.0
4778,164.0
4779,161.0
4780,155.0
4781,160.0
4782,162.0
4783,157.0
4784,145.0
4785,155.0
4786,149.0
4787,152.0
4788,149.0
4789,137.0
4790,152.0
4791,142.0
4792,152.0
4793,141.0
4794,144.0
4795,141.0
4796,147.0
4797,130.0
4798,141.0
4799,128.0
4800,140.0
4801,142.0
4802,134.0
4803,132.0
4804,125.0
4805,120.0
4806,122.0
4807,126.0
4808,124.0
4809,121.0
4810,116.0
4811,116.0
4812,131.0
4813,122.0
4814,125.0
4815,126.0
4816,111.0
4817,123.0
4818,119.0
4819,121.0
4820,123.0
4821,110.0
4822,120.0
4823,115.0
4824,121.0
4825,119.0
4826,104.0
4827,99.0
4828,102.0
4829,111.0
4830,109.0
4831,109.0
4832,108.0
4833,101.0
4834,102.0
4835,112.0
4836,105.0
4837,96.0
4838,99.0
4839,98.0
4840,110.0
4841,113.0
4842,100.0
4843,113.0
4844,98.0
4845,105.0
4846,111.0
4847,95.0
4848,96.0
4849,113.0
4850,107.0
4851,110.0
4852,104.0
4853,115.0
4854,106.0
4855,105.0
4856,108.0
4857,111.0
4858,108.0
4859,117.0
4860,102.0
4861,114.0
4862,119.0
4863,118.0
4864,108.0
4865,106.0
4866,114.0
4867,109.0
4868,106.0
4869,124.0
4870,109.0
4871,118.0
4872,120.0
4873,122.0
4874,122.0
4875,121.0
4876,119.0
4877,115.0
4878,130.0
4879,121.0
4880,130.0
4881,133.0
4882,139.0
4883,139.0
4884,124.0
4885,138.0
4886,143.0
4887,141.0
4888,134.0
4889,128.0
4890,129.0
4891,145.0
4892,135.0
4893,141.0
4894,137.0
4895,153.0
4896,148.0
4897,154.0
4898,137.0
4899,139.0
4900,155.0
4901,144.0
4902,144.0
4903,142.0
4904,145.0
4905,144.0
4906,148.0
4907,152.0
4908,148.0
4909,153.0
4910,160.0
4911,156.0
4912,157.0
4913,154.0
4914,168.0
4915,156.0
4916,155.0
4917,165.0
4918,156.0
4919,164.0
4920,152.0
4921,167.0
4922,163.0
4923,167.0
4924,162.0
4925,171.0
4926,159.0
4927,170.0
4928,155.0
4929,161.0
4930,168.0
4931,159.0
4932,167.0
4933,161.0
4934,161.0
4935,169.0
4936,154.0
4937,164.0
4938,155.0
4939,170.0
4940,166.0
4941,158.0
4942,157.0
4943,160.0
4944,156.0
4945,147.0
4946,154.0
4947,165.0
4948,159.0
4949,160.0
4950,152.0
4951,142.0
4952,152.0
4953,158.0
4954,156.0
4955,144.0
4956,146.0
4957,147.0
4958,140.0
4959,134.0
4960,138.0
4961,137.0
4962,146.0
4963,135.0
4964,141.0
4965,130.0
4966,136.0
4967,128.0
4968,127.0
4969,133.0
4970,136.0
4971,132.0
4972,120.0
4973,124.0
4974,129.0
4975,126.0
4976,119.0
4977,118.0
4978,126.0
4979,119.0
4980,129.0
4981,123.0
4982,122.0
4983,117.0
4984,112.0
4985,110.0
4986,125.0
4987,117.0
4988,111.0
4989,116.0
4990,102.0
4991,118.0
4992,111.0
4993,108.0
4994,101.0
4995,110.0
4996,98.0
4997,104.0
4998,110.0
4999,99.0
5000,108.0
5001,111.0
5002,113.0
5003,94.0
5004,101.0
5005,96.0
5006,99.0
5007,103.0
5008,112.0
5009,112.0
5010,107.0
5011,108.0
5012,108.0
5013,106.0
5014,111.0
5015,109.0
5016,103.0
5017,100.0
5018,109.0
5019,108.0
5020,96.0
5021,104.0
5022,113.0
5023,113.0
5024,99.0
5025,100.0
5026,98.0
5027,111.0
5028,117.0
5029,115.0
5030,116.0
5031,106.0
5032,115.0
5033,113.0
5034,111.0
5035,117.0
5036,119.0
5037,113.0
5038,106.0
5039,112.0
5040,117.0
5041,111.0
5042,124.0
5043,121.0
5044,124.0
5045,125.0
5046,116.0
5047,131.0
5048,131.0
5049,125.0
5050,119.0
5051,133.0
5052,129.0
5053,129.0
5054,141.0
5055,133.0
5056,135.0
5057,136.0
5058,136.0
5059,139.0
5060,146.0
5061,144.0
5062,136.0
5063,134.0
5064,150.0
5065,137.0
5066,151.0
5067,144.0
5068,141.0
5069,140.0
5070,142.0
5071,153.0
5072,157.0
5073,158.0
5074,153.0
5075,156.0
5076,162.0
5077,154.0
5078,157.0
5079,164.0
5080,163.0
5081,148.0
5082,151.0
5083,152.0
5084,165.0
5085,160.0
5086,152.0
5087,150.0
5088,168.0
5089,167.0
5090,158.0
5091,158.0
5092,165.0
5093,155.0
5094,159.0
5095,160.0
5096,161.0
5097,165.0
5098,170.0
5099,166.0
5100,162.0
5101,157.0
5102,166.0
5103,159.0
5104,161.0
5105,168.0
5106,151.0
5107,167.0
5108,160.0
5109,155.0
5110,163.0
5111,153.0
5112,150.0
5113,155.0
5114,164.0
5115,161.0
5116,145.0
5117,160.0
5118,145.0
5119,142.0
5120,141.0
5121,140.0
5122,151.0
5123,156.0
5124,142.0
5125,145.0
5126,139.0
5127,150.0
5128,135.0
5129,143.0
5130,131.0
5131,136.0
5132,130.0
5133,142.0
5134,129.0
5135,137.0
5136,138.0
5137,135.0
5138,140.0
5139,128.0
5140,122.0
5141,129.0
5142,133.0
5143,130.0
5144,119.0
5145,129.0
5146,124.0
5147,122.0
5148,128.0
5149,128.0
5150,116.0
5151,119.0
5152,124.0
5153,109.0
5154,122.0
5155,108.0
5156,111.0
5157,103.0
5158,119.0
5159,112.0
5160,118.0
5161,99.0
5162,116.0
5163,107.0
5164,114.0
5165,104.0
5166,103.0
5167,114.0
5168,95.0
5169,107.0
5170,101.0
5171,111.0
5172,110.0
5173,110.0
5174,105.0
5175,102.0
5176,105.0
5177,100.0
5178,98.0
5179,91.0
5180,97.0
5181,100.0
5182,110.0
5183,109.0
5184,103.0
5185,93.0
5186,108.0
5187,96.0
5188,97.0
5189,101.0
5190,101.0
5191,110.0
5192,103.0
5193,95.0
5194,109.0
5195,103.0
5196,112.0
5197,103.0
5198,98.0
5199,99.0
5200,105.0
5201,111.0
5202,106.0
5203,103.0
5204,107.0
5205,115.0
5206,108.0
5207,115.0
5208,111.0
5209,111.0
5210,118.0
5211,121.0
5212,116.0
5213,113.0
5214,112.0
5215,129.0
5216,126.0
5217,127.0
5218,117.0
5219,118.0
5220,135.0
5221,132.0
5222,138.0
5223,139.0
5224,133.0
5225,134.0
5226,142.0
5227,134.0
5228,133.0
5229,130.0
5230,136.0
5231,144.0
5232,140.0
5233,132.0
5234,136.0
5235,140.0
5236,141.0
5237,147.0
5238,142.0
5239,138.0
5240,142.0
5241,157.0
5242,146.0
5243,142.0
5244,158.0
5245,150.0
5246,146.0
5247,158.0
5248,156.0
5249,154.0
5250,154.0
5251,149.0
5252,161.0
5253,152.0
5254,151.0
5255,160.0
5256,160.0
5257,164.0
5258,163.0
5259,166.0
5260,163.0
5261,151.0
5262,165.0
5263,151.0
5264,162.0
5265,154.0
5266,156.0
5267,158.0
5268,161.0
5269,164.0
5270,150.0
5271,168.0
5272,151.0
5273,164.0
5274,158.0
5275,152.0
5276,147.0
5277,164.0
5278,164.0
5279,156.0
5280,162.0
5281,162.0
5282,155.0
5283,157.0
5284,150.0
5285,151.0
5286,147.0
5287,149.0
5288,144.0
5289,155.0
5290,150.0
5291,137.0
5292,137.0
5293,145.0
5294,136.0
5295,139.0
5296,134.0
5297,143.0
5298,140.0
5299,135.0
5300,142.0
5301,129.0
5302,143.0
5303,133.0
5304,135.0
5305,122.0
5306,125.0
5307,123.0
5308,133.0
5309,126.0
5310,120.0
5311,129.0
5312,128.0
5313,130.0
5314,111.0
5315,110.0
5316,110.0
5317,122.0
5318,117.0
5319,110.0
5320,115.0
5321,107.0
5322,116.0
5323,104.0
5324,104.0
5325,101.0
5326,111.0
5327,102.0
5328,102.0
5329,115.0
5330,109.0
5331,105.0
5332,97.0
5333,104.0
5334,99.0
5335,102.0
5336,100.0
5337,102.0
5338,92.0
5339,100.0
5340,102.0
5341,105.0
5342,98.0
5343,101.0
5344,104.0
5345,102.0
5346,107.0
5347,101.0
5348,98.0
5349,103.0
5350,96.0
5351,102.0
5352,103.0
5353,104.0
5354,109.0
5355,107.0
5356,98.0
5357,102.0
5358,93.0
5359,101.0
5360,106.0
5361,92.0
5362,111.0
5363,109.0
5364,109.0
5365,99.0
5366,111.0
5367,105.0
5368,111.0
5369,102.0
5370,110.0
5371,99.0
5372,108.0
5373,120.0
5374,120.0
5375,122.0
5376,110.0
5377,115.0
5378,117.0
5379,122.0
5380,111.0
5381,117.0
5382,119.0
5383,120.0
5384,118.0
5385,124.0
5386,114.0
5387,123.0
5388,131.0
5389,126.0
5390,135.0
5391,134.0
5392,136.0
5393,131.0
5394,136.0
5395,136.0
5396,141.0
5397,128.0
5398,133.0
5399,144.0
5400,135.0
5401,148.0
5402,146.0
5403,134.0
5404,150.0
5405,150.0
5406,137.0
5407,154.0
5408,143.0
5409,150.0
5410,145.0
5411,142.0
5412,153.0
5413,155.0
5414,148.0
5415,142.0
5416,158.0
5417,145.0
5418,162.0
5419,161.0
5420,145.0
5421,145.0
5422,152.0
5423,149.0
5424,149.0
5425,149.0
5426,155.0
5427,151.0
5428,157.0
5429,157.0
5430,154.0
5431,163.0
5432,152.0
5433,158.0
5434,167.0
5435,150.0
5436,161.0
5437,162.0
5438,165.0
5439,166.0
5440,162.0
5441,149.0
5442,154.0
5443,160.0
5444,146.0
5445,145.0
5446,152.0
5447,163.0
5448,150.0
5449,153.0
5450,158.0
5451,147.0
5452,154.0
5453,146.0
5454,145.0
5455,157.0
5456,148.0
5457,151.0
5458,142.0
5459,149.0
5460,137.0
5461,137.0
5462,140.0
5463,138.0
5464,137.0
5465,134.0
5466,134.0
5467,128.0
5468,142.0
5469,136.0
5470,133.0
5471,127.0
5472,132.0
5473,137.0
5474,136.0
5475,118.0
5476,135.0
5477,134.0
5478,128.0
5479,130.0
5480,120.0
5481,129.0
5482,117.0
5483,128.0
5484,122.0
5485,109.0
5486,118.0
5487,108.0
5488,119.0
5489,118.0
5490,120.0
5491,102.0
5492,113.0
5493,108.0
5494,110.0
5495,108.0
5496,113.0
5497,110.0
5498,104.0
5499,105.0
5500,109.0
5501,94.0
5502,92.0
5503,107.0
5504,108.0
5505,101.0
5506,96.0
5507,97.0
5508,100.0
5509,96.0
5510,90.0
5511,93.0
5512,95.0
5513,98.0
5514,96.0
5515,94.0
5516,101.0
5517,102.0
5518,98.0
5519,99.0
5520,98.0
5521,107.0
5522,102.0
5523,95.0
5524,97.0
5525,102.0
5526,101.0
5527,101.0
5528,89.0
5529,107.0
5530,97.0
5531,104.0
5532,92.0
5533,100.0
5534,94.0
5535,102.0
5536,100.0
5537,111.0
5538,97.0
5539,111.0
5540,111.0
5541,104.0
5542,99.0
5543,109.0
5544,114.0
5545,104.0
5546,120.0
5547,105.0
5548,123.0
5549,117.0
5550,108.0
5551,115.0
5552,110.0
5553,112.0
5554,112.0
5555,130.0
5556,115.0
5557,116.0
5558,122.0
5559,135.0
5560,123.0
5561,131.0
5562,120.0
5563,125.0
5564,135.0
5565,125.0
5566,142.0
5567,145.0
5568,145.0
5569,139.0
5570,142.0
5571,143.0
5572,138.0
5573,133.0
5574,144.0
5575,141.0
5576,149.0
5577,147.0
5578,138.0
5579,141.0
5580,145.0
5581,140.0
5582,143.0
5583,143.0
5584,149.0
5585,148.0
5586,151.0
5587,144.0
5588,162.0
5589,162.0
5590,163.0
5591,145.0
5592,164.0
5593,159.0
5594,164.0
5595,149.0
5596,151.0
5597,159.0
5598,165.0
5599,151.0
5600,152.0
5601,153.0
5602,156.0
5603,161.0
5604,151.0
5605,163.0
5606,150.0
5607,158.0
5608,156.0
5609,150.0
5610,153.0
5611,151.0
5612,158.0
5613,157.0
5614,156.0
5615,151.0
5616,149.0
5617,153.0
5618,150.0
5619,147.0
5620,148.0
5621,153.0
5622,152.0
5623,155.0
5624,155.0
5625,142.0
5626,152.0
5627,143.0
5628,151.0
5629,134.0
5630,142.0
5631,139.0
5632,143.0
5633,132.0
5634,142.0
5635,140.0
5636,138.0
5637,132.0
5638,124.0
5639,135.0
5640,128.0
5641,131.0
5642,132.0
5643,127.0
5644,131.0
5645,124.0
5646,128.0
5647,120.0
5648,130.0
5649,128.0
5650,128.0
5651,108.0
5652,126.0
5653,111.0
5654,112.0
5655,107.0
5656,118.0
5657,106.0
5658,112.0
5659,99.0
5660,254.0
5661,262.0
5662,264.0
5663,256.0
5664,260.0
5665,254.0
5666,245.0
5667,259.0
5668,250.0
5669,259.0
5670,105.0
5671,102.0
5672,100.0
5673,94.0
5674,90.0
5675,88.0
5676,90.0
5677,95.0
5678,100.0
5679,101.0
5680,101.0
5681,100.0
5682,101.0
5683,91.0
5684,96.0
5685,96.0
5686,104.0
5687,90.0
5688,95.0
5689,91.0
5690,98.0
5691,105.0
5692,101.0
5693,87.0
5694,99.0
5695,103.0
5696,89.0
5697,89.0
5698,95.0
5699,107.0
5700,93.0
5701,106.0
5702,104.0
5703,102.0
5704,108.0
5705,96.0
5706,99.0
5707,110.0
5708,109.0
5709,113.0
5710,116.0
5711,114.0
5712,110.0
5713,105.0
5714,115.0
5715,110.0
5716,107.0
5717,105.0
5718,105.0
5719,111.0
5720,109.0
5721,120.0
5722,127.0
5723,125.0
5724,128.0
5725,126.0
5726,129.0
5727,131.0
5728,119.0
5729,128.0
5730,135.0
5731,134.0
5732,125.0
5733,132.0
5734,140.0
5735,128.0
5736,132.0
5737,136.0
5738,141.0
5739,134.0
5740,136.0
5741,131.0
5742,149.0
5743,140.0
5744,140.0
5745,145.0
5746,139.0
5747,140.0
5748,146.0
5749,138.0
5750,152.0
5751,156.0
5752,147.0
5753,140.0
5754,141.0
5755,149.0
5756,142.0
5757,161.0
5758,150.0
5759,149.0
5760,148.0
5761,157.0
5762,161.0
5763,155.0
5764,160.0
5765,154.0
5766,152.0
5767,164.0
5768,148.0
5769,161.0
5770,151.0
5771,161.0
5772,164.0
5773,153.0
5774,146.0
5775,157.0
5776,159.0
5777,143.0
5778,155.0
5779,155.0
5780,158.0
5781,157.0
5782,160.0
5783,141.0
5784,155.0
5785,146.0
5786,144.0
5787,145.0
5788,149.0
5789,149.0
5790,137.0
5791,154.0
5792,141.0
5793,148.0
5794,142.0
5795,146.0
5796,137.0
5797,140.0
5798,144.0
5799,131.0
5800,137.0
5801,139.0
5802,143.0
5803,135.0
5804,133.0
5805,127.0
5806,121.0
5807,122.0
5808,123.0
5809,118.0
5810,119.0
5811,116.0
5812,117.0
5813,120.0
5814,131.0
5815,111.0
5816,127.0
5817,108.0
5818,117.0
5819,121.0
5820,115.0
5821,109.0
5822,103.0
5823,107.0
5824,120.0
5825,106.0
5826,115.0
5827,104.0
5828,112.0
5829,98.0
5830,105.0
5831,101.0
5832,95.0
5833,107.0
5834,100.0
5835,97.0
5836,106.0
5837,89.0
5838,89.0
5839,105.0
5840,98.0
5841,96.0
5842,88.0
5843,90.0
5844,92.0
5845,98.0
5846,85.0
5847,98.0
5848,103.0
5849,85.0
5850,101.0
5851,102.0
5852,88.0
5853,88.0
5854,90.0
5855,85.0
5856,95.0
5857,90.0
5858,92.0
5859,89.0
5860,85.0
5861,85.0
5862,87.0
5863,103.0
5864,101.0
5865,104.0
5866,95.0
5867,99.0
5868,98.0
5869,96.0
5870,104.0
5871,93.0
5872,100.0
5873,109.0
5874,96.0
5875,95.0
5876,94.0
5877,102.0
5878,109.0
5879,104.0
5880,103.0
5881,103.0
5882,113.0
5883,106.0
5884,112.0
5885,112.0
5886,112.0
5887,107.0
5888,120.0
5889,114.0
5890,113.0
5891,117.0
5892,110.0
5893,125.0
5894,118.0
5895,119.0
5896,120.0
5897,115.0
5898,128.0
5899,134.0
5900,117.0
5901,129.0
5902,123.0
5903,135.0
5904,130.0
5905,137.0
5906,137.0
5907,131.0
5908,131.0
5909,133.0
5910,142.0
5911,145.0
5912,136.0
5913,135.0
5914,147.0
5915,149.0
5916,149.0
5917,139.0
5918,148.0
5919,138.0
5920,141.0
5921,153.0
5922,138.0
5923,155.0
5924,146.0
5925,140.0
5926,141.0
5927,141.0
5928,153.0
5929,156.0
5930,158.0
5931,150.0
5932,142.0
5933,155.0
5934,162.0
5935,145.0
5936,156.0
5937,143.0
5938,148.0
5939,146.0
5940,157.0
5941,149.0
5942,149.0
5943,147.0
5944,155.0
5945,143.0
5946,141.0
5947,156.0
5948,158.0
5949,153.0
5950,153.0
5951,158.0
5952,145.0
5953,139.0
5954,156.0
5955,148.0
5956,136.0
5957,142.0
5958,137.0
5959,137.0
5960,133.0
5961,150.0
5962,134.0
5963,137.0
5964,135.0
5965,138.0
5966,130.0
5967,139.0
5968,138.0
5969,134.0
5970,129.0
5971,122.0
5972,123.0
5973,122.0
5974,120.0
5975,126.0
5976,125.0
5977,123.0
5978,118.0
5979,127.0
5980,119.0
5981,114.0
5982,114.0
5983,115.0
5984,108.0
5985,124.0
5986,109.0
5987,118.0
5988,104.0
5989,117.0
5990,118.0
5991,102.0
5992,115.0
5993,110.0
5994,106.0
5995,104.0
5996,102.0
5997,111.0
5998,98.0
5999,103.0
6000,109.0
6001,105.0
6002,107.0
6003,103.0
6004,94.0
6005,101.0
6006,103.0
6007,92.0
6008,104.0
6009,97.0
6010,88.0
6011,88.0
6012,88.0
6013,90.0
6014,98.0
6015,98.0
6016,95.0
6017,98.0
6018,85.0
6019,97.0
6020,101.0
6021,91.0
6022,99.0
6023,97.0
6024,101.0
6025,95.0
6026,82.0
6027,101.0
6028,83.0
6029,83.0
6030,96.0
6031,89.0
6032,100.0
6033,92.0
6034,89.0
6035,95.0
6036,86.0
6037,92.0
6038,90.0
6039,104.0
6040,93.0
6041,97.0
6042,99.0
6043,102.0
6044,93.0
6045,101.0
6046,95.0
6047,99.0
6048,98.0
6049,112.0
6050,100.0
6051,112.0
6052,100.0
6053,116.0
6054,111.0
6055,114.0
6056,120.0
6057,108.0
6058,105.0
6059,117.0
6060,110.0
6061,108.0
6062,116.0
6063,126.0
6064,120.0
6065,124.0
6066,113.0
6067,131.0
6068,117.0
6069,132.0
6070,121.0
6071,133.0
6072,131.0
6073,131.0
6074,129.0
6075,130.0
6076,127.0
6077,134.0
6078,139.0
6079,128.0
6080,128.0
6081,133.0
6082,129.0
6083,136.0
6084,131.0
6085,148.0
6086,143.0
6087,135.0
6088,137.0
6089,151.0
6090,153.0
6091,137.0
6092,136.0
6093,137.0
6094,145.0
6095,146.0
6096,138.0
6097,145.0
6098,153.0
6099,152.0
6100,157.0
6101,156.0
6102,140.0
6103,141.0
6104,143.0
6105,145.0
6106,144.0
6107,156.0
6108,158.0
6109,155.0
6110,152.0
6111,145.0
6112,158.0
6113,159.0
6114,145.0
6115,147.0
6116,158.0
6117,148.0
6118,156.0
6119,138.0
6120,148.0
6121,139.0
6122,142.0
6123,142.0
6124,148.0
6125,134.0
6126,138.0
6127,137.0
6128,131.0
6129,131.0
6130,144.0
6131,133.0
6132,143.0
6133,145.0
6134,136.0
6135,137.0
6136,131.0
6137,137.0
6138,129.0
6139,125.0
6140,135.0
6141,134.0
6142,121.0
6143,130.0
6144,131.0
6145,131.0
6146,118.0
6147,126.0
6148,123.0
6149,110.0
6150,120.0
6151,118.0
6152,125.0
6153,108.0
6154,122.0
6155,106.0
6156,111.0
6157,109.0
6158,108.0
6159,106.0
6160,113.0
6161,110.0
6162,99.0
6163,110.0
6164,96.0
6165,96.0
6166,96.0
6167,101.0
6168,92.0
6169,98.0
6170,97.0
6171,100.0
6172,103.0
6173,98.0
6174,86.0
6175,90.0
6176,85.0
6177,89.0
6178,91.0
6179,84.0
6180,89.0
6181,87.0
6182,84.0
6183,91.0
6184,83.0
6185,82.0
6186,90.0
6187,96.0
6188,87.0
6189,83.0
6190,92.0
6191,83.0
6192,86.0
6193,89.0
6194,85.0
6195,86.0
6196,82.0
6197,87.0
6198,84.0
6199,96.0
6200,88.0
6201,91.0
6202,101.0
6203,101.0
6204,94.0
6205,101.0
6206,90.0
6207,95.0
6208,100.0
6209,90.0
6210,100.0
6211,96.0
6212,90.0
6213,98.0
6214,107.0
6215,95.0
6216,99.0
6217,95.0
6218,93.0
6219,104.0
6220,104.0
6221,108.0
6222,116.0
6223,98.0
6224,102.0
6225,107.0
6226,118.0
6227,111.0
6228,122.0
6229,117.0
6230,118.0
6231,109.0
6232,117.0
6233,120.0
6234,115.0
6235,128.0
6236,113.0
6237,127.0
6238,131.0
6239,130.0
6240,120.0
6241,129.0
6242,130.0
6243,128.0
6244,124.0
6245,132.0
6246,128.0
6247,123.0
6248,127.0
6249,131.0
6250,144.0
6251,141.0
6252,143.0
6253,131.0
6254,148.0
6255,134.0
6256,150.0
6257,134.0
6258,141.0
6259,139.0
6260,146.0
6261,150.0
6262,142.0
6263,145.0
6264,149.0
6265,151.0
6266,145.0
6267,140.0
6268,152.0
6269,146.0
6270,153.0
6271,144.0
6272,154.0
6273,151.0
6274,149.0
6275,154.0
6276,158.0
6277,143.0
6278,149.0
6279,142.0
6280,142.0
6281,149.0
6282,147.0
6283,145.0
6284,151.0
6285,145.0
6286,148.0
6287,151.0
6288,154.0
6289,136.0
6290,137.0
6291,146.0
6292,150.0
6293,146.0
6294,132.0
6295,142.0
6296,134.0
6297,128.0
6298,138.0
6299,133.0
6300,145.0
6301,142.0
6302,131.0
6303,127.0
6304,132.0
6305,132.0
6306,133.0
6307,122.0
6308,123.0
6309,134.0
6310,118.0
6311,133.0
6312,128.0
6313,124.0
6314,122.0
6315,112.0
6316,115.0
6317,124.0
6318,119.0
6319,121.0
6320,121.0
6321,108.0
6322,110.0
6323,104.0
6324,113.0
6325,109.0
6326,102.0
6327,116.0
6328,110.0
6329,107.0
6330,111.0
6331,97.0
6332,100.0
6333,106.0
6334,90.0
6335,101.0
6336,106.0
6337,90.0
6338,104.0
6339,89.0
6340,100.0
6341,96.0
6342,87.0
6343,96.0
6344,89.0
6345,99.0
6346,84.0
6347,83.0
6348,93.0
6349,85.0
6350,98.0
6351,95.0
6352,89.0
6353,79.0
6354,80.0
6355,96.0
6356,95.0
6357,81.0
6358,81.0
6359,81.0
6360,83.0
6361,79.0
6362,94.0
6363,94.0
6364,81.0
6365,93.0
6366,80.0
6367,93.0
6368,87.0
6369,96.0
6370,88.0
6371,86.0
6372,96.0
6373,81.0
6374,89.0
6375,81.0
6376,98.0
6377,95.0
6378,103.0
6379,102.0
6380,95.0
6381,89.0
6382,98.0
6383,101.0
6384,90.0
6385,100.0
6386,94.0
6387,94.0
6388,101.0
6389,101.0
6390,104.0
6391,103.0
6392,105.0
6393,114.0
6394,116.0
6395,102.0
6396,110.0
6397,112.0
6398,119.0
6399,107.0
6400,111.0
6401,113.0
6402,109.0
6403,121.0
6404,128.0
6405,123.0
6406,114.0
6407,127.0
6408,129.0
6409,134.0
6410,127.0
6411,126.0
6412,137.0
6413,124.0
6414,129.0
6415,138.0
6416,122.0
6417,139.0
6418,127.0
6419,128.0
6420,128.0
6421,134.0
6422,143.0
6423,138.0
6424,147.0
6425,131.0
6426,135.0
6427,137.0
6428,133.0
6429,144.0
6430,148.0
6431,146.0
6432,143.0
6433,145.0
6434,153.0
6435,134.0
6436,144.0
6437,137.0
6438,139.0
6439,149.0
6440,138.0
6441,141.0
6442,145.0
6443,148.0
6444,143.0
6445,150.0
6446,149.0
6447,141.0
6448,140.0
6449,154.0
6450,149.0
6451,142.0
6452,153.0
6453,147.0
6454,139.0
6455,145.0
6456,145.0
6457,139.0
6458,144.0
6459,134.0
6460,144.0
6461,138.0
6462,129.0
6463,138.0
6464,140.0
6465,133.0
6466,134.0
6467,135.0
6468,127.0
6469,137.0
6470,140.0
6471,130.0
6472,133.0
6473,135.0
6474,124.0
6475,131.0
6476,131.0
6477,122.0
6478,125.0
6479,125.0
6480,126.0
6481,125.0
6482,116.0
6483,118.0
6484,120.0
6485,109.0
6486,124.0
6487,119.0
6488,109.0
6489,116.0
6490,106.0
6491,104.0
6492,99.0
6493,102.0
6494,107.0
6495,100.0
6496,97.0
6497,103.0
6498,109.0
6499,94.0
6500,98.0
6501,104.0
6502,88.0
6503,97.0
6504,98.0
6505,87.0
6506,102.0
6507,96.0
6508,92.0
6509,98.0
6510,90.0
6511,86.0
6512,89.0
6513,92.0
6514,96.0
6515,85.0
6516,84.0
6517,96.0
6518,87.0
6519,88.0
6520,82.0
6521,85.0
6522,77.0
6523,75.0
6524,80.0
6525,79.0
6526,78.0
6527,82.0
6528,79.0
6529,76.0
6530,90.0
6531,88.0
6532,94.0
6533,95.0
6534,84.0
6535,81.0
6536,76.0
6537,77.0
6538,86.0
6539,95.0
6540,88.0
6541,95.0
6542,93.0
6543,83.0
6544,90.0
6545,83.0
6546,93.0
6547,86.0
6548,96.0
6549,89.0
6550,92.0
6551,99.0
6552,87.0
6553,104.0
6554,91.0
6555,106.0
6556,100.0
6557,99.0
6558,98.0
6559,111.0
6560,98.0
6561,103.0
6562,111.0
6563,100.0
6564,101.0
6565,103.0
6566,103.0
6567,115.0
6568,114.0
6569,107.0
6570,123.0
6571,120.0
6572,123.0
6573,112.0
6574,108.0
6575,128.0
6576,125.0
6577,115.0
6578,132.0
6579,126.0
6580,127.0
6581,130.0
6582,133.0
6583,128.0
6584,124.0
6585,133.0
6586,129.0
6587,121.0
6588,124.0
6589,143.0
6590,136.0
6591,133.0
6592,134.0
6593,130.0
6594,130.0
6595,129.0
6596,137.0
6597,146.0
6598,143.0
6599,148.0
6600,135.0
6601,132.0
6602,137.0
6603,151.0
6604,150.0
6605,144.0
6606,136.0
6607,137.0
6608,145.0
6609,135.0
6610,146.0
6611,141.0
6612,147.0
6613,133.0
6614,134.0
6615,139.0
6616,137.0
6617,151.0
6618,135.0
6619,142.0
6620,145.0
6621,138.0
6622,141.0
6623,150.0
6624,143.0
6625,139.0
6626,149.0
6627,131.0
6628,129.0
6629,132.0
6630,135.0
6631,143.0
6632,137.0
6633,134.0
6634,143.0
6635,136.0
6636,127.0
6637,140.0
6638,122.0
6639,125.0
6640,131.0
6641,122.0
6642,124.0
6643,115.0
6644,122.0
6645,126.0
6646,128.0
6647,120.0
6648,127.0
6649,124.0
6650,119.0
6651,118.0
6652,106.0
6653,114.0
6654,119.0
6655,106.0
6656,112.0
6657,110.0
6658,100.0
6659,116.0
6660,110.0
6661,108.0
6662,95.0
6663,109.0
6664,109.0
6665,94.0
6666,97.0
6667,92.0
6668,92.0
6669,94.0
6670,87.0
6671,88.0
6672,91.0
6673,100.0
6674,83.0
6675,93.0
6676,96.0
6677,83.0
6678,83.0
6679,80.0
6680,78.0
6681,88.0
6682,83.0
6683,80.0
6684,91.0
6685,90.0
6686,86.0
6687,83.0
6688,92.0
6689,87.0
6690,86.0
6691,77.0
6692,83.0
6693,72.0
6694,74.0
6695,89.0
6696,87.0
6697,79.0
6698,90.0
6699,86.0
6700,88.0
6701,83.0
6702,82.0
6703,78.0
6704,89.0
6705,84.0
6706,83.0
6707,85.0
6708,90.0
6709,92.0
6710,95.0
6711,80.0
6712,80.0
6713,97.0
6714,82.0
6715,99.0
6716,95.0
6717,82.0
6718,98.0
6719,94.0
6720,91.0
6721,102.0
6722,90.0
6723,88.0
6724,106.0
6725,97.0
6726,100.0
6727,96.0
6728,104.0
6729,104.0
6730,106.0
6731,112.0
6732,107.0
6733,107.0
6734,108.0
6735,98.0
6736,105.0
6737,104.0
6738,105.0
6739,108.0
6740,107.0
6741,116.0
6742,120.0
6743,121.0
6744,118.0
6745,121.0
6746,118.0
6747,126.0
6748,113.0
6749,118.0
6750,127.0
6751,119.0
6752,126.0
6753,135.0
6754,137.0
6755,128.0
6756,122.0
6757,140.0
6758,127.0
6759,127.0
6760,133.0
6761,140.0
6762,133.0
6763,136.0
6764,142.0
6765,139.0
6766,137.0
6767,147.0
6768,133.0
6769,145.0
6770,140.0
6771,136.0
6772,134.0
6773,133.0
6774,136.0
6775,142.0
6776,150.0
6777,138.0
6778,148.0
6779,148.0
6780,136.0
6781,149.0
6782,138.0
6783,144.0
6784,134.0
6785,134.0
6786,134.0
6787,131.0
6788,137.0
6789,131.0
6790,134.0
6791,134.0
6792,147.0
6793,143.0
6794,142.0
6795,141.0
6796,130.0
6797,128.0
6798,125.0
6799,140.0
6800,142.0
6801,131.0
6802,123.0
6803,131.0
6804,135.0
6805,134.0
6806,133.0
6807,132.0
6808,133.0
6809,127.0
6810,125.0
6811,114.0
6812,122.0
6813,130.0
6814,124.0
6815,119.0
6816,126.0
6817,117.0
6818,106.0
6819,118.0
6820,118.0
6821,106.0
6822,111.0
6823,108.0
6824,117.0
6825,113.0
6826,110.0
6827,112.0
6828,112.0
6829,110.0
6830,109.0
6831,103.0
6832,90.0
6833,92.0
6834,100.0
6835,105.0
6836,103.0
6837,101.0
6838,84.0
6839,94.0
6840,99.0
6841,97.0
6842,85.0
6843,96.0
6844,89.0
6845,97.0
6846,83.0
6847,83.0
6848,82.0
6849,84.0
6850,84.0
6851,75.0
6852,88.0
6853,78.0
6854,85.0
6855,90.0
6856,83.0
6857,78.0
6858,82.0
6859,72.0
6860,81.0
6861,78.0
6862,83.0
6863,84.0
6864,79.0
6865,77.0
6866,90.0
6867,73.0
6868,76.0
6869,79.0
6870,71.0
6871,72.0
6872,80.0
6873,76.0
6874,75.0
6875,87.0
6876,73.0
6877,83.0
6878,92.0
6879,92.0
6880,92.0
6881,84.0
6882,93.0
6883,93.0
6884,88.0
6885,83.0
6886,95.0
6887,92.0
6888,98.0
6889,87.0
6890,93.0
6891,95.0
6892,92.0
6893,104.0
6894,95.0
6895,99.0
6896,93.0
6897,106.0
6898,92.0
6899,106.0
6900,99.0
6901,95.0
6902,102.0
6903,113.0
6904,115.0
6905,114.0
6906,116.0
6907,107.0
6908,117.0
6909,115.0
6910,111.0
6911,118.0
6912,117.0
6913,122.0
6914,120.0
6915,118.0
6916,129.0
6917,115.0
6918,127.0
6919,129.0
6920,133.0
6921,120.0
6922,131.0
6923,119.0
6924,117.0
6925,119.0
6926,132.0
6927,138.0
6928,138.0
6929,133.0
6930,137.0
6931,141.0
6932,127.0
6933,135.0
6934,136.0
6935,139.0
6936,134.0
6937,139.0
6938,128.0
6939,132.0
6940,130.0
6941,130.0
6942,132.0
6943,130.0
6944,129.0
6945,142.0
6946,140.0
6947,132.0
6948,132.0
6949,132.0
6950,134.0
6951,144.0
6952,129.0
6953,132.0
6954,134.0
6955,140.0
6956,141.0
6957,132.0
6958,147.0
6959,136.0
6960,131.0
6961,133.0
6962,139.0
6963,133.0
6964,135.0
6965,130.0
6966,124.0
6967,133.0
6968,131.0
6969,129.0
6970,126.0
6971,132.0
6972,128.0
6973,128.0
6974,117.0
6975,122.0
6976,119.0
6977,115.0
6978,118.0
6979,129.0
6980,125.0
6981,117.0
6982,124.0
6983,123.0
6984,115.0
6985,115.0
6986,121.0
6987,122.0
6988,103.0
6989,111.0
6990,114.0
6991,102.0
6992,99.0
6993,96.0
6994,103.0
6995,107.0
6996,107.0
6997,99.0
6998,102.0
6999,109.0
7000,107.0
7001,102.0
7002,88.0
7003,85.0
7004,87.0
7005,91.0
7006,90.0
7007,96.0
7008,82.0
7009,88.0
7010,83.0
7011,86.0
7012,95.0
7013,93.0
7014,81.0
7015,92.0
7016,90.0
7017,82.0
7018,80.0
7019,87.0
7020,80.0
7021,74.0
7022,83.0
7023,81.0
7024,83.0
7025,76.0
7026,73.0
7027,80.0
7028,73.0
7029,68.0
7030,68.0
7031,76.0
7032,74.0
7033,74.0
7034,71.0
7035,83.0
7036,81.0
7037,81.0
7038,81.0
7039,85.0
7040,87.0
7041,72.0
7042,73.0
7043,79.0
7044,78.0
7045,81.0
7046,83.0
7047,86.0
7048,88.0
7049,81.0
7050,88.0
7051,93.0
7052,94.0
7053,88.0
7054,95.0
7055,95.0
7056,96.0
7057,84.0
7058,97.0
7059,85.0
7060,86.0
7061,100.0
7062,85.0
7063,91.0
7064,87.0
7065,93.0
7066,102.0
7067,102.0
7068,106.0
7069,100.0
7070,95.0
7071,95.0
7072,98.0
7073,107.0
7074,100.0
7075,116.0
7076,110.0
7077,108.0
7078,120.0
7079,113.0
7080,118.0
7081,115.0
7082,117.0
7083,106.0
7084,119.0
7085,124.0
7086,120.0
7087,117.0
7088,115.0
7089,121.0
7090,118.0
7091,120.0
7092,116.0
7093,118.0
7094,128.0
7095,124.0
7096,126.0
7097,129.0
7098,130.0
7099,127.0
7100,123.0
7101,128.0
7102,140.0
7103,138.0
7104,138.0
7105,142.0
7106,134.0
7107,130.0
7108,136.0
7109,132.0
7110,131.0
7111,127.0
7112,145.0
7113,134.0
7114,126.0
7115,136.0
7116,131.0
7117,145.0
7118,140.0
7119,130.0
7120,143.0
7121,137.0
7122,143.0
7123,129.0
7124,129.0
7125,130.0
7126,126.0
7127,125.0
7128,129.0
7129,130.0
7130,134.0
7131,131.0
7132,132.0
7133,139.0
7134,133.0
7135,133.0
7136,121.0
7137,135.0
7138,121.0
7139,123.0
7140,131.0
7141,118.0
7142,128.0
7143,130.0
7144,132.0
7145,123.0
7146,124.0
7147,120.0
7148,113.0
7149,124.0
7150,116.0
7151,122.0
7152,118.0
7153,119.0
7154,121.0
7155,109.0
7156,111.0
7157,117.0
7158,106.0
7159,112.0
7160,97.0
7161,100.0
7162,105.0
7163,109.0
7164,94.0
7165,103.0
7166,90.0
7167,96.0
7168,89.0
7169,86.0
7170,102.0
7171,86.0
7172,90.0
7173,83.0
7174,97.0
7175,90.0
7176,83.0
7177,83.0
7178,92.0
7179,82.0
7180,87.0
7181,80.0
7182,79.0
7183,81.0
7184,89.0
7185,77.0
7186,77.0
7187,80.0
7188,84.0
7189,70.0
7190,70.0
7191,85.0
7192,75.0
7193,76.0
7194,68.0
7195,72.0
7196,73.0
7197,67.0
7198,76.0
7199,80.0
7200,71.0
7201,69.0
7202,81.0
7203,77.0
7204,77.0
7205,83.0
7206,79.0
7207,84.0
7208,77.0
7209,81.0
7210,78.0
7211,73.0
7212,81.0
7213,86.0
7214,86.0
7215,86.0
7216,76.0
7217,88.0
7218,75.0
7219,90.0
7220,82.0
7221,89.0
7222,81.0
7223,93.0
7224,90.0
7225,94.0
7226,77.0
7227,96.0
7228,83.0
7229,97.0
7230,97.0
7231,82.0
7232,93.0
7233,89.0
7234,92.0
7235,98.0
7236,106.0
7237,97.0
7238,92.0
7239,99.0
7240,103.0
7241,101.0
7242,102.0
7243,100.0
7244,100.0
7245,101.0
7246,104.0
7247,110.0
7248,105.0
7249,106.0
7250,102.0
7251,116.0
7252,123.0
7253,118.0
7254,113.0
7255,107.0
7256,125.0
7257,116.0
7258,112.0
7259,128.0
7260,119.0
7261,132.0
7262,125.0
7263,119.0
7264,131.0
7265,125.0
7266,134.0
7267,127.0
7268,123.0
7269,120.0
7270,125.0
7271,122.0
7272,125.0
7273,131.0
7274,134.0
7275,131.0
7276,140.0
7277,138.0
7278,127.0
7279,138.0
7280,127.0
7281,134.0
7282,130.0
7283,139.0
7284,129.0
7285,140.0
7286,125.0
7287,141.0
7288,136.0
7289,141.0
7290,134.0
7291,133.0
7292,124.0
7293,132.0
7294,139.0
7295,123.0
7296,123.0
7297,139.0
7298,127.0
7299,133.0
7300,133.0
7301,120.0
7302,129.0
7303,130.0
7304,124.0
7305,131.0
7306,120.0
7307,123.0
7308,134.0
7309,122.0
7310,130.0
7311,116.0
7312,123.0
7313,120.0
7314,113.0
7315,116.0
7316,118.0
7317,125.0
7318,108.0
7319,120.0
7320,105.0
7321,104.0
7322,106.0
7323,102.0
7324,111.0
7325,109.0
7326,111.0
7327,105.0
7328,110.0
7329,108.0
7330,108.0
7331,102.0
7332,93.0
7333,101.0
7334,93.0
7335,93.0
7336,100.0
7337,98.0
7338,83.0
7339,99.0
7340,84.0
7341,90.0
7342,88.0
7343,93.0
7344,81.0
7345,86.0
7346,92.0
7347,75.0
7348,86.0
7349,86.0
7350,84.0
7351,83.0
7352,85.0
7353,73.0
7354,72.0
7355,77.0
7356,80.0
7357,73.0
7358,70.0
7359,83.0
7360,84.0
7361,70.0
7362,79.0
7363,76.0
7364,83.0
7365,73.0
7366,72.0
7367,64.0
7368,72.0
7369,79.0
7370,74.0
7371,81.0
7372,70.0
7373,70.0
7374,67.0
7375,77.0
7376,81.0
7377,77.0
7378,81.0
7379,67.0
7380,65.0
7381,81.0
7382,77.0
7383,77.0
7384,72.0
7385,85.0
7386,74.0
7387,71.0
7388,71.0
7389,86.0
7390,84.0
7391,84.0
7392,83.0
7393,88.0
7394,80.0
7395,77.0
7396,82.0
7397,83.0
7398,84.0
7399,83.0
7400,88.0
7401,91.0
7402,86.0
7403,91.0
7404,102.0
7405,96.0
7406,91.0
7407,94.0
7408,96.0
7409,97.0
7410,101.0
7411,110.0
7412,100.0
7413,96.0
7414,108.0
7415,101.0
7416,99.0
7417,110.0
7418,113.0
7419,112.0
7420,101.0
7421,111.0
7422,106.0
7423,113.0
7424,119.0
7425,123.0
7426,116.0
7427,111.0
7428,123.0
7429,123.0
7430,116.0
7431,123.0
7432,115.0
7433,124.0
7434,133.0
7435,121.0
7436,133.0
7437,125.0
7438,122.0
7439,122.0
7440,127.0
7441,136.0
7442,123.0
7443,130.0
7444,122.0
7445,138.0
7446,138.0
7447,131.0
7448,133.0
7449,125.0
7450,134.0
7451,140.0
7452,125.0
7453,139.0
7454,122.0
7455,139.0
7456,135.0
7457,141.0
7458,127.0
7459,141.0
7460,129.0
7461,128.0
7462,123.0
7463,132.0
7464,134.0
7465,129.0
7466,133.0
7467,123.0
7468,133.0
7469,134.0
7470,124.0
7471,123.0
7472,131.0
7473,115.0
7474,129.0
7475,123.0
7476,122.0
7477,124.0
7478,122.0
7479,126.0
7480,124.0
7481,115.0
7482,113.0
7483,121.0
7484,125.0
7485,110.0
7486,117.0
7487,118.0
7488,108.0
7489,114.0
7490,117.0
7491,112.0
7492,107.0
7493,98.0
7494,109.0
7495,111.0
7496,99.0
7497,97.0
7498,107.0
7499,103.0
7500,92.0
7501,97.0
7502,85.0
7503,92.0
7504,92.0
7505,92.0
7506,93.0
7507,88.0
7508,81.0
7509,82.0
7510,96.0
7511,77.0
7512,88.0
7513,83.0
7514,92.0
7515,87.0
7516,77.0
7517,88.0
7518,73.0
7519,79.0
7520,82.0
7521,73.0
7522,80.0
7523,69.0
7524,82.0
7525,75.0
7526,66.0
7527,74.0
7528,80.0
7529,66.0
7530,72.0
7531,66.0
7532,62.0
7533,71.0
7534,70.0
7535,64.0
7536,68.0
7537,64.0
7538,68.0
7539,65.0
7540,76.0
7541,72.0
7542,75.0
7543,72.0
7544,64.0
7545,67.0
7546,63.0
7547,71.0
7548,76.0
7549,75.0
7550,79.0
7551,82.0
7552,74.0
7553,75.0
7554,81.0
7555,73.0
7556,80.0
7557,85.0
7558,78.0
7559,70.0
7560,72.0
7561,71.0
7562,77.0
7563,80.0
7564,78.0
7565,81.0
7566,78.0
7567,81.0
7568,77.0
7569,88.0
7570,96.0
7571,82.0
7572,96.0
7573,91.0
7574,86.0
7575,96.0
7576,100.0
7577,104.0
7578,95.0
7579,92.0
7580,109.0
7581,95.0
7582,105.0
7583,104.0
7584,104.0
7585,100.0
7586,101.0
7587,101.0
7588,116.0
7589,104.0
7590,119.0
7591,103.0
7592,119.0
7593,120.0
7594,106.0
7595,124.0
7596,109.0
7597,109.0
7598,114.0
7599,118.0
7600,112.0
7601,129.0
7602,119.0
7603,123.0
7604,117.0
7605,126.0
7606,129.0
7607,128.0
7608,125.0
7609,125.0
7610,120.0
7611,126.0
7612,136.0
7613,137.0
7614,124.0
7615,136.0
7616,137.0
7617,135.0
7618,132.0
7619,127.0
7620,126.0
7621,128.0
7622,126.0
7623,130.0
7624,124.0
7625,128.0
7626,130.0
7627,121.0
7628,122.0
7629,137.0
7630,138.0
7631,123.0
7632,127.0
7633,121.0
7634,123.0
7635,126.0
7636,118.0
7637,128.0
7638,128.0
7639,116.0
7640,115.0
7641,113.0
7642,130.0
7643,117.0
7644,125.0
7645,116.0
7646,124.0
7647,120.0
7648,120.0
7649,107.0
7650,120.0
7651,110.0
7652,115.0
7653,108.0
7654,109.0
7655,102.0
7656,114.0
7657,118.0
7658,105.0
7659,108.0
7660,97.0
7661,112.0
7662,96.0
7663,108.0
7664,107.0
7665,105.0
7666,104.0
7667,106.0
7668,101.0
7669,102.0
7670,92.0
7671,85.0
7672,88.0
7673,90.0
7674,82.0
7675,94.0
7676,88.0
7677,88.0
7678,94.0
7679,86.0
7680,83.0
7681,87.0
7682,86.0
7683,84.0
7684,79.0
7685,76.0
7686,79.0
7687,80.0
7688,67.0
7689,69.0
7690,67.0
7691,76.0
7692,83.0
7693,69.0
7694,76.0
7695,81.0
7696,62.0
7697,68.0
7698,72.0
7699,63.0
7700,74.0
7701,60.0
7702,66.0
7703,67.0
7704,68.0
7705,64.0
7706,70.0
7707,63.0
7708,72.0
7709,73.0
7710,62.0
7711,73.0
7712,63.0
7713,68.0
7714,63.0
7715,67.0
7716,65.0
7717,79.0
7718,78.0
7719,78.0
7720,81.0
7721,67.0
7722,64.0
7723,83.0
7724,70.0
7725,79.0
7726,83.0
7727,77.0
7728,69.0
7729,74.0
7730,81.0
7731,73.0
7732,83.0
7733,77.0
7734,76.0
7735,92.0
7736,85.0
7737,79.0
7738,78.0
7739,87.0
7740,91.0
7741,84.0
7742,89.0
7743,95.0
7744,95.0
7745,85.0
7746,104.0
7747,102.0
7748,91.0
7749,99.0
7750,106.0
7751,108.0
7752,103.0
7753,98.0
7754,103.0
7755,107.0
7756,104.0
7757,101.0
7758,107.0
7759,112.0
7760,105.0
7761,107.0
7762,118.0
7763,121.0
7764,111.0
7765,120.0
7766,116.0
7767,121.0
7768,124.0
7769,117.0
7770,114.0
7771,121.0
7772,114.0
7773,113.0
7774,124.0
7775,127.0
7776,119.0
7777,133.0
7778,118.0
7779,132.0
7780,116.0
7781,123.0
7782,131.0
7783,134.0
7784,118.0
7785,122.0
7786,123.0
7787,119.0
7788,137.0
7789,128.0
7790,127.0
7791,135.0
7792,128.0
7793,118.0
7794,134.0
7795,134.0
7796,132.0
7797,134.0
7798,125.0
7799,132.0
7800,121.0
7801,123.0
7802,130.0
7803,116.0
7804,118.0
7805,132.0
7806,125.0
7807,127.0
7808,118.0
7809,128.0
7810,125.0
7811,129.0
7812,122.0
7813,111.0
7814,108.0
7815,112.0
7816,121.0
7817,108.0
7818,107.0
7819,109.0
7820,115.0
7821,105.0
7822,119.0
7823,116.0
7824,100.0
7825,102.0
7826,108.0
7827,113.0
7828,106.0
7829,97.0
7830,96.0
7831,108.0
7832,98.0
7833,93.0
7834,95.0
7835,95.0
7836,100.0
7837,92.0
7838,101.0
7839,99.0
7840,95.0
7841,87.0
7842,89.0
7843,94.0
7844,77.0
7845,76.0
7846,77.0
7847,90.0
7848,87.0
7849,78.0
7850,88.0
7851,80.0
7852,71.0
7853,69.0
7854,72.0
7855,74.0
7856,79.0
7857,73.0
7858,78.0
7859,79.0
7860,68.0
7861,64.0
7862,75.0
7863,69.0
7864,66.0
7865,76.0
7866,69.0
7867,59.0
7868,69.0
7869,71.0
7870,67.0
7871,61.0
7872,61.0
7873,60.0
7874,75.0
7875,62.0
7876,73.0
7877,59.0
7878,57.0
7879,57.0
7880,63.0
7881,76.0
7882,64.0
7883,65.0
7884,74.0
7885,62.0
7886,61.0
7887,68.0
7888,71.0
7889,63.0
7890,74.0
7891,69.0
7892,80.0
7893,73.0
7894,72.0
7895,69.0
7896,71.0
7897,83.0
7898,82.0
7899,68.0
7900,74.0
7901,69.0
7902,85.0
7903,74.0
7904,74.0
7905,91.0
7906,84.0
7907,91.0
7908,83.0
7909,83.0
7910,93.0
7911,95.0
7912,86.0
7913,85.0
7914,97.0
7915,93.0
7916,102.0
7917,103.0
7918,98.0
7919,96.0
7920,108.0
7921,103.0
7922,92.0
7923,92.0
7924,95.0
7925,98.0
7926,96.0
7927,110.0
7928,109.0
7929,110.0
7930,101.0
7931,116.0
7932,102.0
7933,110.0
7934,110.0
7935,105.0
7936,113.0
7937,110.0
7938,119.0
7939,113.0
7940,127.0
7941,122.0
7942,114.0
7943,114.0
7944,117.0
7945,127.0
7946,127.0
7947,123.0
7948,119.0
7949,115.0
7950,116.0
7951,123.0
7952,120.0
7953,117.0
7954,133.0
7955,123.0
7956,116.0
7957,124.0
7958,123.0
7959,120.0
7960,121.0
7961,134.0
7962,127.0
7963,117.0
7964,118.0
7965,125.0
7966,119.0
7967,132.0
7968,117.0
7969,122.0
7970,117.0
7971,122.0
7972,131.0
7973,120.0
7974,121.0
7975,111.0
7976,115.0
7977,124.0
7978,110.0
7979,114.0
7980,121.0
7981,111.0
7982,108.0
7983,115.0
7984,112.0
7985,117.0
7986,112.0
7987,105.0
7988,114.0
7989,112.0
7990,103.0
7991,108.0
7992,109.0
7993,103.0
7994,94.0
7995,107.0
7996,100.0
7997,92.0
7998,95.0
7999,99.0
8000,99.0
8001,97.0
8002,93.0
8003,84.0
8004,83.0
8005,88.0
8006,83.0
8007,96.0
8008,97.0
8009,85.0
8010,88.0
8011,81.0
8012,88.0
8013,92.0
8014,86.0
8015,74.0
8016,71.0
8017,81.0
8018,86.0
8019,78.0
8020,71.0
8021,84.0
8022,69.0
8023,69.0
8024,81.0
8025,72.0
8026,67.0
8027,72.0
8028,74.0
8029,77.0
8030,69.0
8031,69.0
8032,67.0
8033,58.0
8034,74.0
8035,75.0
8036,62.0
8037,74.0
8038,70.0
8039,66.0
8040,63.0
8041,56.0
8042,68.0
8043,64.0
8044,60.0
8045,60.0
8046,72.0
8047,74.0
8048,64.0
8049,63.0
8050,70.0
8051,66.0
8052,71.0
8053,74.0
8054,62.0
8055,59.0
8056,65.0
8057,71.0
8058,74.0
8059,77.0
8060,79.0
8061,72.0
8062,73.0
8063,65.0
8064,67.0
8065,67.0
8066,64.0
8067,83.0
8068,66.0
8069,66.0
8070,76.0
8071,78.0
8072,77.0
8073,74.0
8074,80.0
8075,80.0
8076,89.0
8077,79.0
8078,90.0
8079,96.0
8080,80.0
8081,90.0
8082,84.0
8083,100.0
8084,88.0
8085,92.0
8086,91.0
8087,102.0
8088,99.0
8089,104.0
8090,94.0
8091,94.0
8092,90.0
8093,95.0
8094,111.0
8095,96.0
8096,104.0
8097,98.0
8098,108.0
8099,106.0
8100,117.0
8101,108.0
8102,113.0
8103,116.0
8104,103.0
8105,121.0
8106,111.0
8107,107.0
8108,123.0
8109,109.0
8110,123.0
8111,114.0
8112,126.0
8113,122.0
8114,120.0
8115,112.0
8116,125.0
8117,111.0
8118,131.0
8119,122.0
8120,127.0
8121,113.0
8122,116.0
8123,124.0
8124,121.0
8125,132.0
8126,123.0
8127,114.0
8128,132.0
8129,114.0
8130,130.0
8131,115.0
8132,121.0
8133,122.0
8134,119.0
8135,119.0
8136,117.0
8137,125.0
8138,116.0
8139,126.0
8140,116.0
8141,122.0
8142,112.0
8143,128.0
8144,122.0
8145,112.0
8146,123.0
8147,122.0
8148,113.0
8149,114.0
8150,117.0
8151,118.0
8152,114.0
8153,108.0
8154,101.0
8155,118.0
8156,117.0
8157,113.0
8158,105.0
8159,115.0
8160,112.0
8161,108.0
8162,104.0
8163,94.0
8164,108.0
8165,108.0
8166,107.0
8167,104.0
8168,89.0
8169,96.0
8170,86.0
8171,99.0
8172,91.0
8173,96.0
8174,80.0
8175,81.0
8176,88.0
8177,78.0
8178,82.0
8179,92.0
8180,92.0
8181,88.0
8182,84.0
8183,83.0
8184,69.0
8185,86.0
8186,82.0
8187,82.0
8188,71.0
8189,80.0
8190,80.0
8191,75.0
8192,66.0
8193,68.0
8194,66.0
8195,74.0
8196,72.0
8197,61.0
8198,61.0
8199,62.0
8200,56.0
8201,63.0
8202,66.0
8203,56.0
8204,72.0
8205,69.0
8206,68.0
8207,68.0
8208,62.0
8209,72.0
8210,61.0
8211,67.0
8212,68.0
8213,65.0
8214,68.0
8215,55.0
8216,70.0
8217,69.0
8218,65.0
8219,63.0
8220,57.0
8221,59.0
8222,54.0
8223,66.0
8224,73.0
8225,63.0
8226,59.0
8227,67.0
8228,62.0
8229,63.0
8230,72.0
8231,75.0
8232,65.0
8233,76.0
8234,71.0
8235,79.0
8236,77.0
8237,71.0
8238,76.0
8239,81.0
8240,85.0
8241,81.0
8242,69.0
8243,76.0
8244,84.0
8245,89.0
8246,82.0
8247,84.0
8248,90.0
8249,94.0
8250,82.0
8251,96.0
8252,89.0
8253,88.0
8254,92.0
8255,98.0
8256,95.0
8257,97.0
8258,93.0
8259,92.0
8260,91.0
8261,93.0
8262,103.0
8263,103.0
8264,98.0
8265,96.0
8266,112.0
8267,95.0
8268,105.0
8269,116.0
8270,113.0
8271,115.0
8272,118.0
8273,102.0
8274,104.0
8275,114.0
8276,109.0
8277,114.0
8278,124.0
8279,116.0
8280,107.0
8281,126.0
8282,119.0
8283,122.0
8284,126.0
8285,127.0
8286,125.0
8287,122.0
8288,117.0
8289,119.0
8290,111.0
8291,125.0
8292,121.0
8293,128.0
8294,113.0
8295,127.0
8296,124.0
8297,125.0
8298,119.0
8299,112.0
8300,127.0
8301,111.0
8302,116.0
8303,118.0
8304,119.0
8305,116.0
8306,126.0
8307,121.0
8308,121.0
8309,117.0
8310,114.0
8311,112.0
8312,110.0
8313,116.0
8314,118.0
8315,118.0
8316,122.0
8317,115.0
8318,115.0
8319,107.0
8320,105.0
8321,108.0
8322,106.0
8323,113.0
8324,97.0
8325,112.0
8326,98.0
8327,103.0
8328,112.0
8329,92.0
8330,103.0
8331,99.0
8332,99.0
8333,104.0
8334,91.0
8335,101.0
8336,96.0
8337,84.0
8338,84.0
8339,97.0
8340,92.0
8341,95.0
8342,87.0
8343,88.0
8344,87.0
8345,81.0
8346,84.0
8347,82.0
8348,77.0
8349,80.0
8350,77.0
8351,70.0
8352,77.0
8353,77.0
8354,78.0
8355,77.0
8356,74.0
8357,81.0
8358,79.0
8359,67.0
8360,68.0
8361,78.0
8362,63.0
8363,73.0
8364,67.0
8365,65.0
8366,60.0
8367,58.0
8368,68.0
8369,72.0
8370,61.0
8371,67.0
8372,71.0
8373,52.0
8374,55.0
8375,68.0
8376,51.0
8377,67.0
8378,54.0
8379,63.0
8380,54.0
8381,64.0
8382,66.0
8383,56.0
8384,56.0
8385,61.0
8386,66.0
8387,54.0
8388,56.0
8389,70.0
8390,72.0
8391,71.0
8392,70.0
8393,62.0
8394,57.0
8395,57.0
8396,68.0
8397,66.0
8398,72.0
8399,62.0
8400,72.0
8401,68.0
8402,62.0
8403,77.0
8404,62.0
8405,62.0
8406,66.0
8407,82.0
8408,78.0
8409,80.0
8410,75.0
8411,79.0
8412,70.0
8413,88.0
8414,85.0
8415,74.0
8416,89.0
8417,82.0
8418,76.0
8419,87.0
8420,82.0
8421,82.0
8422,97.0
8423,99.0
8424,88.0
8425,94.0
8426,98.0
8427,93.0
8428,94.0
8429,95.0
8430,90.0
8431,91.0
8432,90.0
8433,102.0
8434,103.0
8435,111.0
8436,103.0
8437,99.0
8438,102.0
8439,104.0
8440,108.0
8441,100.0
8442,100.0
8443,109.0
8444,118.0
8445,107.0
8446,106.0
8447,114.0
8448,112.0
8449,107.0
8450,118.0
8451,120.0
8452,122.0
8453,113.0
8454,122.0
8455,127.0
8456,114.0
8457,116.0
8458,128.0
8459,114.0
8460,112.0
8461,125.0
8462,112.0
8463,111.0
8464,127.0
8465,128.0
8466,111.0
8467,129.0
8468,124.0
8469,117.0
8470,116.0
8471,127.0
8472,115.0
8473,119.0
8474,125.0
8475,117.0
8476,121.0
8477,107.0
8478,107.0
8479,117.0
8480,117.0
8481,113.0
8482,104.0
8483,104.0
8484,107.0
8485,119.0
8486,101.0
8487,109.0
8488,114.0
8489,108.0
8490,102.0
8491,101.0
8492,108.0
8493,110.0
8494,113.0
8495,106.0
8496,111.0
8497,99.0
8498,109.0
8499,92.0
8500,104.0
8501,100.0
8502,94.0
8503,85.0
8504,96.0
8505,86.0
8506,83.0
8507,81.0
8508,92.0
8509,91.0
8510,92.0
8511,76.0
8512,74.0
8513,78.0
8514,89.0
8515,86.0
8516,72.0
8517,77.0
8518,70.0
8519,74.0
8520,69.0
8521,80.0
8522,72.0
8523,72.0
8524,77.0
8525,65.0
8526,70.0
8527,61.0
8528,68.0
8529,75.0
8530,59.0
8531,63.0
8532,74.0
8533,68.0
8534,56.0
8535,57.0
8536,69.0
8537,59.0
8538,53.0
8539,60.0
8540,52.0
8541,65.0
8542,55.0
8543,64.0
8544,67.0
8545,60.0
8546,68.0
8547,56.0
8548,60.0
8549,53.0
8550,51.0
8551,62.0
8552,58.0
8553,63.0
8554,54.0
8555,63.0
8556,67.0
8557,59.0
8558,70.0
8559,59.0
8560,65.0
8561,56.0
8562,55.0
8563,67.0
8564,58.0
8565,72.0
8566,58.0
8567,60.0
8568,56.0
8569,73.0
8570,76.0
8571,62.0
8572,71.0
8573,78.0
8574,74.0
8575,70.0
8576,64.0
8577,75.0
8578,76.0
8579,67.0
8580,73.0
8581,75.0
8582,75.0
8583,88.0
8584,78.0
8585,85.0
8586,88.0
8587,85.0
8588,76.0
8589,87.0
8590,84.0
8591,95.0
8592,91.0
8593,82.0
8594,99.0
8595,94.0
8596,99.0
8597,91.0
8598,105.0
8599,92.0
8600,93.0
8601,93.0
8602,108.0
8603,104.0
8604,110.0
8605,106.0
8606,111.0
8607,101.0
8608,115.0
8609,113.0
8610,106.0
8611,105.0
8612,102.0
8613,105.0
8614,106.0
8615,116.0
8616,107.0
8617,103.0
8618,106.0
8619,112.0
8620,110.0
8621,111.0
8622,123.0
8623,117.0
8624,110.0
8625,117.0
8626,118.0
8627,114.0
8628,111.0
8629,111.0
8630,115.0
8631,114.0
8632,111.0
8633,113.0
8634,117.0
8635,117.0
8636,111.0
8637,114.0
8638,112.0
8639,117.0
8640,115.0
8641,119.0
8642,111.0
8643,109.0
8644,122.0
8645,125.0
8646,106.0
8647,118.0
8648,110.0
8649,107.0
8650,103.0
8651,112.0
8652,103.0
8653,106.0
8654,108.0
8655,109.0
8656,114.0
8657,103.0
8658,101.0
8659,106.0
8660,95.0
8661,95.0
8662,111.0
8663,105.0
8664,98.0
8665,105.0
8666,107.0
8667,89.0
8668,89.0
8669,100.0
8670,86.0
8671,95.0
8672,93.0
8673,89.0
8674,83.0
8675,82.0
8676,94.0
8677,90.0
8678,79.0
8679,92.0
8680,78.0
8681,78.0
8682,81.0
8683,84.0
8684,72.0
8685,85.0
8686,75.0
8687,85.0
8688,77.0
8689,74.0
8690,76.0
8691,66.0
8692,70.0
8693,71.0
8694,68.0
8695,60.0
8696,67.0
8697,59.0
8698,64.0
8699,71.0
8700,59.0
8701,61.0
8702,69.0
8703,69.0
8704,68.0
8705,57.0
8706,58.0
8707,61.0
8708,58.0
8709,66.0
8710,56.0
8711,63.0
8712,60.0
8713,59.0
8714,49.0
8715,55.0
8716,51.0
8717,59.0
8718,63.0
8719,50.0
8720,59.0
8721,62.0
8722,48.0
8723,64.0
8724,55.0
8725,68.0
8726,50.0
8727,51.0
8728,54.0
8729,69.0
8730,51.0
8731,68.0
8732,67.0
8733,64.0
8734,57.0
8735,64.0
8736,59.0
8737,59.0
8738,66.0
8739,61.0
8740,69.0
8741,76.0
8742,69.0
8743,74.0
8744,64.0
8745,68.0
8746,77.0
8747,82.0
8748,70.0
8749,66.0
8750,78.0
8751,84.0
8752,68.0
8753,76.0
8754,87.0
8755,81.0
8756,88.0
8757,86.0
8758,94.0
8759,85.0
